"TELENAME","ALARMLEVEL","DEVICETYPE","CNT"
"12H ",1,6,1
"12H ",1,16,273
"12H ",2,6,4
"12H ",2,16,118
"12H ",2,25,131
"12H ",2,65,69
"12H ",3,6,6
"12H ",3,16,136
"12H ",3,65,8
"A15 ",2,5,3
"A15 ",2,6,12
"A15 ",2,25,70
"A15 ",3,5,12
"A15 ",3,6,21
"A15 ",3,65,6
"A16 ",2,5,3
"A16 ",2,25,67
"A16 ",2,26,6
"A16 ",2,65,1
"A16 ",3,5,12
"A16 ",3,16,12
"A16 ",3,65,14
"A17 ",2,5,3
"A17 ",2,25,142
"A17 ",2,26,46
"A17 ",2,65,4
"A17 ",3,5,12
"A17 ",3,16,16
"A19 ",1,50,22
"A19 ",2,50,142
"A19 ",3,50,210
"A20 ",1,50,25
"A20 ",2,50,136
"A20 ",3,50,98
"A21 ",1,50,45
"A21 ",2,50,94
"A21 ",3,50,781
"A22 ",1,50,50
"A22 ",2,50,34
"A22 ",3,50,10
"A23 ",1,50,47
"A23 ",2,50,35
"A23 ",3,50,36
"A24 ",2,50,4
"A24 ",3,50,36
"A25 ",1,50,20
"A25 ",2,50,20
"A25 ",3,50,17
"AJZ ",2,50,2
"AJZ ",3,50,9
"ALL ",1,50,22
"ALL ",2,50,40
"ALL ",3,50,239
"AXD ",1,24,2
"AXD ",1,50,572
"AXD ",2,50,596
"AXD ",3,50,173
"BDZ ",1,24,2
"BDZ ",1,50,30
"BDZ ",2,50,335
"BDZ ",3,50,122
"BJA ",2,50,141
"BJA ",3,50,161
"BJJ ",1,50,768
"BJJ ",2,50,1556
"BJJ ",3,50,29178
"BJZ ",1,24,2
"BJZ ",1,50,537
"BJZ ",2,50,535
"BJZ ",3,50,8108
"BKF ",2,50,4
"BKF ",3,50,78
"BRF ",2,50,213
"BRF ",3,50,1935
"BSH ",2,50,110
"BSH ",3,50,85
"BSQ ",2,50,12
"BSQ ",3,50,7
"BSZ ",2,50,18
"BSZ ",3,50,21
"BTZ ",2,50,52
"BTZ ",3,50,19
"BXS ",2,5,1
"BXS ",2,6,21
"BXS ",2,16,6
"BXS ",2,25,40
"BXS ",2,65,14
"BXS ",3,3,16
"BXS ",3,5,4
"BXS ",3,6,9
"BXS ",3,16,18
"BXS ",3,65,6
"BYZ ",2,50,160
"BYZ ",3,50,625
"C10 ",1,6,8
"C10 ",1,16,2
"C10 ",2,5,1
"C10 ",2,6,16
"C10 ",2,16,4
"C10 ",2,25,52
"C10 ",2,65,4
"C10 ",3,5,6
"C10 ",3,6,243
"C10 ",3,16,36
"C10 ",3,65,1
"C11 ",1,6,2
"C11 ",1,16,1
"C11 ",2,5,1
"C11 ",2,6,4
"C11 ",2,25,8
"C11 ",2,65,3
"C11 ",3,5,6
"C11 ",3,6,5
"C11 ",3,16,2
"C11 ",3,65,94
"C12 ",1,6,2
"C12 ",1,16,1
"C12 ",2,6,2
"C12 ",2,25,44
"C12 ",2,65,32
"C12 ",3,6,3
"C12 ",3,16,9
"C12 ",3,25,1
"C12 ",3,26,2
"C12 ",3,65,123
"C13 ",2,25,20
"C13 ",2,65,1
"C13 ",3,65,77
"C14 ",1,6,6
"C14 ",2,6,12
"C14 ",2,25,102
"C14 ",3,6,204
"C14 ",3,16,16
"C14 ",3,25,1
"C14 ",3,26,2
"C14 ",3,65,164
"C15 ",1,6,10
"C15 ",1,16,15
"C15 ",2,5,2
"C15 ",2,6,22
"C15 ",2,25,132
"C15 ",3,5,12
"C15 ",3,6,186
"C15 ",3,16,46
"C15 ",3,65,232
"C16 ",1,6,6
"C16 ",1,16,21
"C16 ",2,5,2
"C16 ",2,6,13
"C16 ",2,25,89
"C16 ",3,5,12
"C16 ",3,6,152
"C16 ",3,16,16
"C16 ",3,65,156
"C17 ",1,6,4
"C17 ",2,5,2
"C17 ",2,6,7
"C17 ",2,16,1
"C17 ",2,25,84
"C17 ",2,65,20
"C17 ",3,5,12
"C17 ",3,6,62
"C17 ",3,16,23
"C18 ",1,6,4
"C18 ",2,5,2
"C18 ",2,6,7
"C18 ",2,25,98
"C18 ",2,65,1
"C18 ",3,5,12
"C18 ",3,6,42
"C18 ",3,16,13
"C18 ",3,26,1
"C18 ",3,65,271
"C19 ",1,16,9
"C19 ",2,5,1
"C19 ",2,6,1
"C19 ",2,16,12
"C19 ",2,25,68
"C19 ",2,26,524
"C19 ",2,28,1
"C19 ",2,65,12
"C19 ",3,5,6
"C19 ",3,6,3
"C19 ",3,16,132
"C19 ",3,26,1
"C19 ",3,65,274
"C20 ",1,5,1
"C20 ",1,13,1
"C20 ",1,16,6
"C20 ",2,5,5
"C20 ",2,6,1
"C20 ",2,16,2
"C20 ",2,25,55
"C20 ",2,26,21
"C20 ",2,28,1
"C20 ",2,65,5
"C20 ",3,5,23
"C20 ",3,6,4
"C20 ",3,13,2
"C20 ",3,14,1
"C20 ",3,16,17
"C20 ",3,26,2
"C20 ",3,39,4
"C20 ",3,65,399
"C21 ",1,5,1
"C21 ",1,13,1
"C21 ",1,16,2
"C21 ",2,5,6
"C21 ",2,6,3
"C21 ",2,16,2
"C21 ",2,25,60
"C21 ",2,28,1
"C21 ",3,5,40
"C21 ",3,6,8
"C21 ",3,13,1
"C21 ",3,14,1
"C21 ",3,16,30
"C21 ",3,25,1
"C21 ",3,26,2
"C21 ",3,39,5
"C21 ",3,65,5
"C22 ",1,5,1
"C22 ",1,13,1
"C22 ",2,5,3
"C22 ",2,6,4
"C22 ",2,25,8
"C22 ",3,5,18
"C22 ",3,6,7
"C22 ",3,13,1
"C22 ",3,14,1
"C22 ",3,16,3
"C22 ",3,26,2
"C22 ",3,65,12
"CBH ",2,50,94
"CBH ",3,50,76
"CBZ ",1,24,1
"CBZ ",1,50,2295
"CBZ ",2,50,266
"CBZ ",3,50,149
"CDZ ",2,50,21
"CDZ ",3,50,390
"CF1 ",2,50,379
"CF1 ",3,50,111
"CF2 ",2,50,2
"CF2 ",3,50,1
"CF3 ",1,50,4
"CF3 ",2,50,88
"CF3 ",3,50,61
"CF4 ",1,50,1
"CF4 ",2,50,552
"CF4 ",3,50,78
"CF5 ",1,50,16
"CF5 ",2,50,811
"CF5 ",3,50,48
"CF6 ",2,50,150
"CF6 ",3,50,129
"CF7 ",2,50,217
"CF7 ",3,50,208
"CFS ",1,50,8
"CFS ",2,50,236
"CFS ",3,50,279
"CG2 ",1,6,8
"CG2 ",2,5,1
"CG2 ",2,6,17
"CG2 ",2,16,2
"CG2 ",2,25,35
"CG2 ",2,26,15
"CG2 ",2,65,31
"CG2 ",3,5,6
"CG2 ",3,6,17
"CG2 ",3,65,250
"CG3 ",1,6,6
"CG3 ",1,16,1
"CG3 ",2,6,13
"CG3 ",2,25,30
"CG3 ",2,26,32
"CG3 ",2,65,9
"CG3 ",3,6,135
"CG3 ",3,16,9
"CG3 ",3,65,26
"CG4 ",1,6,8
"CG4 ",2,6,21
"CG4 ",2,25,56
"CG4 ",2,65,4
"CG4 ",3,6,600
"CG4 ",3,16,23
"CG4 ",3,26,2
"CG4 ",3,65,50
"CG5 ",1,6,6
"CG5 ",1,16,2
"CG5 ",2,6,14
"CG5 ",2,25,55
"CG5 ",3,6,12
"CG5 ",3,16,30
"CG5 ",3,65,9
"CG6 ",1,6,6
"CG6 ",1,13,1
"CG6 ",2,6,11
"CG6 ",2,25,50
"CG6 ",2,65,6
"CG6 ",3,6,153
"CG6 ",3,13,1
"CG6 ",3,14,1
"CG6 ",3,16,7
"CG6 ",3,65,14
"CG7 ",1,6,6
"CG7 ",1,13,1
"CG7 ",1,16,10
"CG7 ",2,6,17
"CG7 ",2,25,110
"CG7 ",2,65,2
"CG7 ",3,6,9
"CG7 ",3,13,2
"CG7 ",3,25,1
"CG7 ",3,26,2
"CG8 ",1,6,2
"CG8 ",2,5,1
"CG8 ",2,6,3
"CG8 ",2,16,1
"CG8 ",2,25,33
"CG8 ",2,65,11
"CG8 ",3,5,6
"CG8 ",3,6,9
"CG8 ",3,16,15
"CG8 ",3,65,83
"CG9 ",1,6,8
"CG9 ",2,5,1
"CG9 ",2,6,20
"CG9 ",2,25,32
"CG9 ",3,5,6
"CG9 ",3,6,195
"CG9 ",3,16,24
"CG9 ",3,26,1
"CG9 ",3,65,10
"CJ1 ",2,50,107
"CJ1 ",3,50,79
"CJ2 ",2,50,177
"CJ2 ",3,50,46
"CJ3 ",1,50,13
"CJ3 ",2,50,423
"CJ3 ",3,50,112
"CJH ",3,50,2
"CJZ ",2,50,55
"CJZ ",3,50,327
"CKS ",2,50,21
"CKS ",3,50,483
"CLD ",1,4,4
"CLD ",1,6,1
"CLD ",1,16,1
"CLD ",1,23,175
"CLD ",2,5,1
"CLD ",2,6,5
"CLD ",2,16,17
"CLD ",2,23,23
"CLD ",2,24,30
"CLD ",2,25,50
"CLD ",2,26,6
"CLD ",2,40,10
"CLD ",2,51,36
"CLD ",2,65,3
"CLD ",3,4,4
"CLD ",3,5,4
"CLD ",3,16,490
"CLD ",3,24,8
"CLD ",3,25,1
"CLD ",3,26,1
"CLD ",3,44,79
"CLD ",3,51,2
"CLD ",3,65,18
"CLZ ",1,4,7
"CLZ ",1,6,2
"CLZ ",1,16,1
"CLZ ",1,23,176
"CLZ ",1,24,1
"CLZ ",2,5,3
"CLZ ",2,6,11
"CLZ ",2,16,1
"CLZ ",2,23,41
"CLZ ",2,24,75
"CLZ ",2,25,42
"CLZ ",2,65,2
"CLZ ",3,5,12
"CLZ ",3,14,1
"CLZ ",3,16,490
"CLZ ",3,24,7
"CLZ ",3,65,16
"CMS ",1,50,5
"CMS ",2,50,54
"CMS ",3,50,157
"CPS ",2,50,67
"CPS ",3,50,32
"CPZ ",1,50,13
"CPZ ",2,50,31
"CPZ ",3,50,177
"CQZ ",1,24,1
"CQZ ",1,50,480
"CQZ ",2,50,921
"CQZ ",3,50,119
"CSZ ",1,4,1
"CSZ ",1,6,4
"CSZ ",1,16,116
"CSZ ",1,23,86
"CSZ ",2,5,5
"CSZ ",2,6,13
"CSZ ",2,16,4
"CSZ ",2,23,58
"CSZ ",2,24,71
"CSZ ",2,25,195
"CSZ ",2,26,121
"CSZ ",2,51,2
"CSZ ",2,65,8
"CSZ ",3,5,18
"CSZ ",3,6,69
"CSZ ",3,16,13
"CSZ ",3,24,11
"CSZ ",3,26,2
"CSZ ",3,65,75
"CTF ",1,1,57
"CTF ",1,9,8
"CTF ",1,81,8
"CTF ",1,99,42
"CTF ",2,1,87
"CTF ",2,5,5
"CTF ",2,9,109
"CTF ",2,50,100
"CTF ",2,99,2
"CTF ",3,1,7
"CTF ",3,5,4
"CTF ",3,9,6
"CTF ",3,10,6
"CTF ",3,13,4
"CTF ",3,50,8
"CTF ",3,99,73
"CTF ",3,101,346
"CTF ",3,110,702
"CTF ",3,195,1
"CTF ",3,200,56
"CTF ",3,204,172
"CTH ",2,50,89
"CTH ",3,50,179
"CTS ",1,50,1
"CTS ",2,50,61
"CTS ",3,50,18
"CXG ",2,50,52
"CXG ",3,50,116
"CYA ",1,50,1
"CYA ",2,50,233
"CYA ",3,50,44
"DAC ",1,50,160
"DAC ",2,50,550
"DAC ",3,50,360
"DAZ ",1,50,32
"DAZ ",2,50,143
"DAZ ",3,50,210
"DBZ ",1,50,99
"DBZ ",2,50,88
"DBZ ",3,50,319
"DCK ",1,6,4
"DCK ",2,5,7
"DCK ",2,6,35
"DCK ",3,5,45
"DCK ",3,6,21
"DCX ",1,4,1
"DCX ",1,6,4
"DCX ",2,5,5
"DCX ",2,6,22
"DCX ",2,23,88
"DCX ",2,24,35
"DCX ",2,25,13
"DCX ",2,40,1
"DCX ",3,5,42
"DCX ",3,16,32
"DCX ",3,24,1
"DCX ",3,29,24
"DCX ",3,65,16
"DCS ",1,50,2
"DCS ",2,50,15
"DCS ",3,50,44
"DCZ ",1,50,47
"DCZ ",2,50,198
"DCZ ",3,50,25
"DFI ",1,50,176
"DFI ",2,50,109
"DFI ",3,50,368
"DFX ",1,24,2
"DFX ",1,50,478
"DFX ",2,50,154
"DFX ",3,50,7963
"DGZ ",1,50,206
"DGZ ",2,50,105
"DGZ ",3,50,127
"DHZ ",1,50,77
"DHZ ",2,50,253
"DHZ ",3,50,124
"DJZ ",1,50,4
"DJZ ",2,50,189
"DJZ ",3,50,222
"DMC ",1,50,1
"DMC ",2,50,419
"DMC ",3,50,160
"DNA ",1,50,13
"DNA ",2,50,344
"DNA ",3,50,136
"DNN ",1,23,88
"DNN ",2,5,1
"DNN ",2,6,73
"DNN ",2,23,181
"DNN ",2,24,93
"DNN ",2,25,54
"DNN ",2,26,21
"DNN ",2,51,1
"DNN ",2,65,2
"DNN ",3,5,6
"DNN ",3,6,82
"DNN ",3,16,10
"DNN ",3,24,3
"DNN ",3,44,46
"DNN ",3,51,1
"DNN ",3,65,25
"DNX ",1,50,32
"DNX ",2,50,105
"DNX ",3,50,55
"DNZ ",2,50,19
"DNZ ",3,50,12
"DPZ ",2,50,135
"DPZ ",3,50,52
"DSS ",2,50,50
"DSS ",3,50,5
"DTB ",1,50,64
"DTB ",2,50,108
"DTB ",3,50,23
"DTC ",2,50,290
"DTC ",3,50,248
"DUS ",1,50,11
"DUS ",2,50,296
"DUS ",3,50,179
"DWA ",2,50,1
"DWB ",1,50,6
"DWB ",2,50,11
"DWB ",3,50,1266
"DWZ ",1,50,2519
"DWZ ",2,50,1302
"DWZ ",3,50,587
"DXA ",1,50,121
"DXA ",2,50,508
"DXA ",3,50,562
"DXB ",1,50,1
"DXB ",2,50,16
"DXB ",3,50,4016
"DXD ",1,50,39
"DXD ",2,50,461
"DXD ",3,50,109
"DXQ ",1,50,1
"DXQ ",2,50,511
"DXQ ",3,50,538
"DXZ ",1,50,153
"DXZ ",2,50,319
"DXZ ",3,50,384
"DYA ",1,24,4
"DYA ",1,50,87
"DYA ",2,50,218
"DYA ",3,50,269
"DYS ",2,50,130
"DYS ",3,50,30
"DYZ ",2,50,54
"DYZ ",3,50,1476
"DZF ",2,50,16
"DZZ ",2,50,97
"DZZ ",3,50,826
"F10 ",2,6,2
"F10 ",2,16,4
"F10 ",2,25,65
"F10 ",2,65,4
"F10 ",3,6,2
"F10 ",3,16,2
"F10 ",3,65,5
"F11 ",2,16,14
"F11 ",2,25,120
"F11 ",2,26,18
"F11 ",2,65,8
"F11 ",3,16,8
"F11 ",3,65,10
"F12 ",2,5,11
"F12 ",2,6,165
"F12 ",2,16,9
"F12 ",2,25,69
"F12 ",2,65,2
"F12 ",3,5,40
"F12 ",3,6,90
"F12 ",3,16,7
"F12 ",3,20,2
"F12 ",3,65,5
"F13 ",2,5,10
"F13 ",2,6,168
"F13 ",2,16,4
"F13 ",2,25,32
"F13 ",3,5,40
"F13 ",3,6,91
"F13 ",3,16,5
"F14 ",2,5,10
"F14 ",2,6,188
"F14 ",2,16,3
"F14 ",2,25,31
"F14 ",2,26,298
"F14 ",3,5,40
"F14 ",3,6,90
"F14 ",3,16,52
"F14 ",3,20,2
"F15 ",2,5,10
"F15 ",2,6,187
"F15 ",2,16,6
"F15 ",2,25,47
"F15 ",2,26,138
"F15 ",2,65,1
"F15 ",3,5,42
"F15 ",3,6,95
"F15 ",3,16,59
"F15 ",3,20,2
"F15 ",3,26,1
"F15 ",3,65,5
"F16 ",2,5,1
"F16 ",2,6,16
"F16 ",2,16,3
"F16 ",2,25,162
"F16 ",2,65,7
"F16 ",3,5,4
"F16 ",3,6,9
"F16 ",3,16,7
"F16 ",3,20,2
"F17 ",2,5,1
"F17 ",2,6,18
"F17 ",2,16,3
"F17 ",2,25,79
"F17 ",2,65,1
"F17 ",3,5,4
"F17 ",3,6,9
"F17 ",3,16,10
"F39 ",1,5,1
"F39 ",1,16,8
"F39 ",2,5,4
"F39 ",2,6,8
"F39 ",2,16,15
"F39 ",2,25,229
"F39 ",2,26,24
"F39 ",2,65,5
"F39 ",3,5,49
"F39 ",3,6,12
"F39 ",3,16,35
"F39 ",3,25,11
"F39 ",3,26,4
"F39 ",3,65,133
"F40 ",1,16,31
"F40 ",2,5,4
"F40 ",2,6,8
"F40 ",2,16,45
"F40 ",2,25,276
"F40 ",2,26,15
"F40 ",2,65,37
"F40 ",3,5,48
"F40 ",3,6,12
"F40 ",3,16,130
"F40 ",3,25,1
"F40 ",3,26,2
"F40 ",3,65,34
"F41 ",1,16,2
"F41 ",2,5,2
"F41 ",2,6,2
"F41 ",2,16,2
"F41 ",2,25,94
"F41 ",2,65,2
"F41 ",3,5,406
"F41 ",3,6,3
"F41 ",3,16,69
"F41 ",3,26,1
"F42 ",1,5,2
"F42 ",1,16,9
"F42 ",2,5,8
"F42 ",2,6,16
"F42 ",2,25,96
"F42 ",2,65,1
"F42 ",3,5,97
"F42 ",3,6,27
"F42 ",3,16,29
"F42 ",3,25,1
"F42 ",3,26,2
"F42 ",3,65,55
"F43 ",1,5,2
"F43 ",1,16,5
"F43 ",2,5,8
"F43 ",2,6,16
"F43 ",2,16,1
"F43 ",2,25,64
"F43 ",2,65,21
"F43 ",3,5,98
"F43 ",3,6,24
"F43 ",3,16,33
"F43 ",3,25,1
"F43 ",3,26,2
"F43 ",3,39,11
"F43 ",3,65,86
"F44 ",1,5,1
"F44 ",2,5,8
"F44 ",2,16,2
"F44 ",2,25,30
"F44 ",3,5,99
"F44 ",3,6,24
"F44 ",3,16,28
"F44 ",3,26,2
"F44 ",3,65,4
"FAZ ",1,13,7
"FAZ ",1,16,84
"FAZ ",1,23,1324
"FAZ ",2,6,2
"FAZ ",2,23,171
"FAZ ",2,24,114
"FAZ ",2,25,220
"FAZ ",2,26,640
"FAZ ",2,40,7
"FAZ ",2,65,21
"FAZ ",3,3,9
"FAZ ",3,4,1
"FAZ ",3,6,1
"FAZ ",3,13,7
"FAZ ",3,16,147
"FAZ ",3,23,4
"FAZ ",3,25,1
"FAZ ",3,26,1
"FAZ ",3,65,16
"FCC ",2,6,3
"FCD ",1,23,31
"FCD ",2,16,2
"FCD ",2,23,16
"FCD ",2,24,26
"FCD ",2,25,25
"FCD ",3,16,23
"FCD ",3,24,1
"FCD ",3,51,2
"FCD ",3,65,22
"FCN ",1,50,2
"FCN ",2,50,433
"FCN ",3,50,961
"FCS ",1,50,200
"FCS ",2,50,382
"FCS ",3,50,92
"FCZ ",2,50,295
"FCZ ",3,50,330
"FDS ",1,50,6
"FDS ",2,50,656
"FDS ",3,50,1612
"FDZ ",1,13,6
"FDZ ",1,23,1752
"FDZ ",2,6,5
"FDZ ",2,16,3
"FDZ ",2,23,552
"FDZ ",2,24,244
"FDZ ",2,25,210
"FDZ ",2,26,73
"FDZ ",2,40,3
"FDZ ",2,65,8
"FDZ ",3,3,7
"FDZ ",3,4,2
"FDZ ",3,6,2
"FDZ ",3,13,6
"FDZ ",3,15,17
"FDZ ",3,16,304
"FDZ ",3,23,21
"FDZ ",3,26,93
"FGZ ",1,24,2
"FGZ ",1,50,3
"FGZ ",2,50,57
"FGZ ",3,50,8
"FLC ",2,50,154
"FLC ",3,50,36
"FLD ",1,50,19
"FLD ",2,50,268
"FLD ",3,50,266
"FLN ",2,50,35
"FLN ",3,50,30
"FLT ",1,50,75
"FLT ",2,50,111
"FLT ",3,50,65
"FND ",1,1,3
"FND ",1,3,1
"FND ",1,13,3
"FND ",1,23,1018
"FND ",2,6,2
"FND ",2,23,51
"FND ",2,24,552
"FND ",3,13,3
"FND ",3,15,322
"FND ",3,24,49
"FNE ",1,23,580
"FNE ",2,5,2
"FNE ",2,6,40
"FNE ",2,16,45
"FNE ",2,23,389
"FNE ",2,24,286
"FNE ",2,25,22
"FNE ",2,27,38
"FNE ",2,28,1
"FNE ",2,40,6
"FNE ",2,51,15
"FNE ",2,65,1
"FNE ",3,3,5
"FNE ",3,5,2
"FNE ",3,6,60
"FNE ",3,13,1
"FNE ",3,16,128
"FNE ",3,26,2
"FNE ",3,27,1
"FNE ",3,29,19
"FNE ",3,51,6
"FNK ",2,5,7
"FNK ",2,6,52
"FNK ",3,5,10
"FNK ",3,6,20
"FNX ",1,4,2
"FNX ",1,23,43
"FNX ",2,5,3
"FNX ",2,6,10
"FNX ",2,16,2
"FNX ",2,23,2
"FNX ",2,25,29
"FNX ",2,26,30
"FNX ",2,51,95
"FNX ",2,65,21
"FNX ",3,5,12
"FNX ",3,6,9
"FNX ",3,16,148
"FNX ",3,24,8
"FNX ",3,51,1
"FNX ",3,65,295
"FNY ",1,4,2
"FNY ",1,23,3545
"FNY ",2,5,7
"FNY ",2,6,95
"FNY ",2,16,9
"FNY ",2,23,528
"FNY ",2,24,1163
"FNY ",2,26,12
"FNY ",2,51,478
"FNY ",2,65,5
"FNY ",3,5,6
"FNY ",3,6,30
"FNY ",3,13,2
"FNY ",3,16,15
"FNY ",3,23,10
"FNY ",3,51,5
"FP1 ",1,6,2
"FP1 ",1,16,9
"FP1 ",2,5,1
"FP1 ",2,6,7
"FP1 ",2,16,17
"FP1 ",2,25,131
"FP1 ",2,65,9
"FP1 ",3,5,4
"FP1 ",3,6,10
"FP1 ",3,16,2812
"FP1 ",3,65,30
"FQF ",1,50,731
"FQF ",2,50,2519
"FQF ",3,50,79
"FQX ",1,5,1
"FQX ",1,23,849
"FQX ",1,24,1
"FQX ",2,5,2
"FQX ",2,6,48
"FQX ",2,23,417
"FQX ",2,24,484
"FQX ",2,25,55
"FQX ",2,51,2
"FQX ",3,3,54
"FQX ",3,5,1
"FQX ",3,6,9
"FQX ",3,16,7
"FQX ",3,26,8
"FQX ",3,27,1
"FQX ",3,51,6
"FQX ",3,65,13
"FRB ",2,5,8
"FRB ",2,6,77
"FRB ",3,5,20
"FRB ",3,6,25
"FRS ",2,33,15
"FSS ",1,50,13
"FSS ",2,50,53
"FSS ",3,50,23
"FWA ",1,50,94
"FWA ",2,50,443
"FWA ",3,50,44
"FX1 ",2,5,2
"FX1 ",2,6,134
"FX1 ",2,16,6
"FX1 ",2,25,53
"FX1 ",3,5,2
"FX1 ",3,6,130
"FX1 ",3,16,17
"FX1 ",3,20,5
"FX1 ",3,26,1
"FX1 ",3,65,6
"FX2 ",2,5,2
"FX2 ",2,6,32
"FX2 ",2,16,6
"FX2 ",2,25,74
"FX2 ",2,26,309
"FX2 ",2,65,2
"FX2 ",3,5,2
"FX2 ",3,6,12
"FX2 ",3,16,113
"FX2 ",3,20,1
"FX3 ",2,5,2
"FX3 ",2,6,32
"FX3 ",2,16,2
"FX3 ",2,25,31
"FX3 ",2,65,1
"FX3 ",3,5,2
"FX3 ",3,6,18
"FX3 ",3,16,2
"FX3 ",3,20,1
"FX4 ",2,5,2
"FX4 ",2,6,36
"FX4 ",2,25,76
"FX4 ",2,26,379
"FX4 ",2,28,2
"FX4 ",2,65,37
"FX4 ",3,5,2
"FX4 ",3,6,12
"FX4 ",3,16,86
"FX4 ",3,20,9
"FX5 ",1,5,1
"FX5 ",2,5,2
"FX5 ",2,6,36
"FX5 ",2,16,7
"FX5 ",2,25,102
"FX5 ",2,26,199
"FX5 ",2,28,1
"FX5 ",2,65,27
"FX5 ",3,5,2
"FX5 ",3,6,12
"FX5 ",3,16,119
"FX6 ",2,5,1
"FX6 ",2,6,17
"FX6 ",2,25,64
"FX6 ",3,5,1
"FX6 ",3,6,6
"FX6 ",3,20,3
"FX6 ",3,25,1
"FX6 ",3,26,2
"FX7 ",2,5,1
"FX7 ",2,6,20
"FX7 ",2,16,12
"FX7 ",2,25,71
"FX7 ",2,26,18
"FX7 ",2,65,4
"FX7 ",3,5,1
"FX7 ",3,6,8
"FX7 ",3,16,14
"FX7 ",3,20,6
"FX7 ",3,25,1
"FX8 ",2,6,3
"FX8 ",2,16,1
"FX8 ",2,25,20
"FX8 ",2,65,1
"FX8 ",3,6,4
"FX8 ",3,16,1
"FX8 ",3,20,2
"FX9 ",2,6,2
"FX9 ",2,25,21
"FX9 ",3,6,2
"FX9 ",3,16,735
"FXX ",1,1,1
"FXX ",1,16,15
"FXX ",1,23,527
"FXX ",2,5,1
"FXX ",2,6,21
"FXX ",2,23,269
"FXX ",2,24,147
"FXX ",2,25,44
"FXX ",2,26,33
"FXX ",2,28,1
"FXX ",2,65,8
"FXX ",3,3,3
"FXX ",3,4,10
"FXX ",3,5,7
"FXX ",3,6,3
"FXX ",3,16,9
"FXX ",3,23,22
"FXX ",3,65,11
"FYZ ",1,50,10
"FYZ ",2,50,448
"FYZ ",3,50,631
"FZB ",1,50,998
"FZB ",2,50,1219
"FZB ",3,50,142
"FZD ",1,5,1
"FZD ",1,16,1
"FZD ",1,23,256
"FZD ",2,5,9
"FZD ",2,6,18
"FZD ",2,23,87
"FZD ",2,25,9
"FZD ",3,5,55
"FZD ",3,6,60
"FZD ",3,16,41
"FZD ",3,24,3
"FZD ",3,65,162
"FZH ",1,50,755
"FZH ",2,50,990
"FZH ",3,50,614
"FZK ",2,50,439
"FZK ",3,50,36
"FZN ",1,1,3
"FZN ",1,4,1
"FZN ",1,5,1
"FZN ",1,13,96
"FZN ",1,16,3
"FZN ",1,23,3334
"FZN ",2,5,2
"FZN ",2,6,30
"FZN ",2,16,1
"FZN ",2,23,1471
"FZN ",2,24,279
"FZN ",2,25,127
"FZN ",2,40,3
"FZN ",2,46,9
"FZN ",3,3,24
"FZN ",3,4,4
"FZN ",3,5,2
"FZN ",3,6,65
"FZN ",3,13,96
"FZN ",3,14,1
"FZN ",3,15,881
"FZN ",3,16,678
"FZN ",3,23,71
"FZN ",3,29,4
"FZN ",3,65,4
"FZZ ",1,50,9224
"FZZ ",2,50,854
"FZZ ",3,50,13373
"GAP ",1,50,172
"GAP ",2,50,171
"GAP ",3,50,85
"GAZ ",1,5,1
"GAZ ",1,6,2
"GAZ ",1,16,26
"GAZ ",1,23,559
"GAZ ",2,5,2
"GAZ ",2,6,15
"GAZ ",2,23,179
"GAZ ",2,24,79
"GAZ ",2,25,15
"GAZ ",2,40,6
"GAZ ",2,65,1
"GAZ ",3,5,12
"GAZ ",3,6,48
"GAZ ",3,16,1
"GAZ ",3,24,2
"GAZ ",3,44,9
"GAZ ",3,65,32
"GBC ",1,5,2
"GBC ",1,6,5
"GBC ",2,5,4
"GBC ",2,6,49
"GBC ",3,5,31
"GBC ",3,6,268
"GBZ ",1,1,2
"GBZ ",1,3,1
"GBZ ",1,5,1
"GBZ ",1,13,1
"GBZ ",1,16,1
"GBZ ",1,23,34
"GBZ ",2,5,5
"GBZ ",2,23,49
"GBZ ",2,24,101
"GBZ ",2,25,97
"GBZ ",2,26,24
"GBZ ",2,27,16
"GBZ ",2,28,1
"GBZ ",2,40,3
"GBZ ",2,51,11
"GBZ ",2,65,3
"GBZ ",3,5,20
"GBZ ",3,6,2
"GBZ ",3,13,1
"GBZ ",3,14,2
"GBZ ",3,16,71
"GBZ ",3,24,5
"GBZ ",3,25,1
"GBZ ",3,27,1
"GBZ ",3,29,1
"GBZ ",3,44,1
"GBZ ",3,65,139
"GCA ",1,50,44
"GCA ",2,50,162
"GCA ",3,50,161
"GCS ",1,1,7
"GCS ",1,24,1
"GCS ",1,81,2
"GCS ",1,99,8
"GCS ",1,110,4
"GCS ",2,1,54
"GCS ",2,5,2
"GCS ",2,9,178
"GCS ",2,28,2
"GCS ",2,50,36
"GCS ",2,81,2
"GCS ",2,99,8
"GCS ",3,9,12
"GCS ",3,50,9
"GCS ",3,81,2
"GCS ",3,101,221
"GCS ",3,110,12
"GCS ",3,195,4
"GCS ",3,200,13
"GCS ",3,204,321
"GCT ",1,50,233
"GCT ",2,50,601
"GCT ",3,50,268
"GCZ ",1,50,124
"GCZ ",2,50,53
"GCZ ",3,50,12
"GDS ",2,50,70
"GDS ",3,50,143
"GFF ",1,50,1
"GFF ",2,50,316
"GFF ",3,50,345
"GFS ",1,50,69
"GFS ",2,50,115
"GFS ",3,50,206
"GGX ",1,50,604
"GGX ",2,50,433
"GGX ",3,50,188
"GGZ ",1,50,509
"GGZ ",2,50,906
"GGZ ",3,50,1504
"GJD ",1,24,2
"GJD ",1,50,3
"GJD ",2,50,81
"GJD ",3,50,20
"GL1 ",1,50,157
"GL1 ",2,50,85
"GL1 ",3,50,256
"GL2 ",1,50,31
"GL2 ",2,50,107
"GL2 ",3,50,282
"GL3 ",1,50,11
"GL3 ",2,50,138
"GL3 ",3,50,250
"GL4 ",1,50,6
"GL4 ",2,50,120
"GL4 ",3,50,34
"GL5 ",1,50,37
"GL5 ",2,50,268
"GL5 ",3,50,3559
"GL6 ",1,50,13
"GL6 ",2,50,162
"GL6 ",3,50,108
"GL7 ",1,50,61
"GL7 ",2,50,157
"GL7 ",3,50,44
"GL8 ",1,50,50
"GL8 ",2,50,120
"GL8 ",3,50,97
"GPJ ",1,50,162
"GPJ ",2,50,16
"GPJ ",3,50,296
"GPY ",2,50,37
"GPY ",3,50,9
"GQA ",1,50,64
"GQA ",2,50,459
"GQA ",3,50,797
"GQC ",1,50,954
"GQC ",2,50,2707
"GQC ",3,50,6420
"GQZ ",1,50,12
"GQZ ",2,50,5
"GQZ ",3,50,5
"GRJ ",1,50,555
"GRJ ",2,50,988
"GRJ ",3,50,403
"GS0 ",2,5,2
"GS0 ",2,6,4
"GS0 ",2,25,16
"GS0 ",2,65,1
"GS0 ",3,5,12
"GS0 ",3,6,14
"GS0 ",3,16,11
"GS0 ",3,65,10
"GS1 ",1,5,1
"GS1 ",1,13,1
"GS1 ",1,16,2
"GS1 ",2,5,8
"GS1 ",2,6,4
"GS1 ",2,25,55
"GS1 ",2,28,1
"GS1 ",2,65,1
"GS1 ",3,5,26
"GS1 ",3,6,15
"GS1 ",3,13,2
"GS1 ",3,14,1
"GS1 ",3,16,10
"GS1 ",3,25,1
"GS1 ",3,26,2
"GS1 ",3,29,1
"GS1 ",3,65,3
"GS2 ",1,5,1
"GS2 ",1,6,11
"GS2 ",1,13,1
"GS2 ",2,5,6
"GS2 ",2,6,41
"GS2 ",2,25,69
"GS2 ",2,26,28
"GS2 ",2,28,1
"GS2 ",3,5,16
"GS2 ",3,6,212
"GS2 ",3,13,2
"GS2 ",3,16,32
"GS2 ",3,25,3
"GS2 ",3,26,7
"GS2 ",3,29,1
"GS2 ",3,65,3
"GS3 ",1,5,1
"GS3 ",1,6,17
"GS3 ",1,13,1
"GS3 ",2,5,17
"GS3 ",2,6,22
"GS3 ",2,25,42
"GS3 ",2,26,30
"GS3 ",2,28,1
"GS3 ",2,65,1
"GS3 ",3,5,43
"GS3 ",3,6,532
"GS3 ",3,13,1
"GS3 ",3,16,12
"GS3 ",3,25,1
"GS3 ",3,26,2
"GS3 ",3,29,1
"GS3 ",3,65,43
"GS4 ",1,6,22
"GS4 ",2,6,22
"GS4 ",2,16,2
"GS4 ",2,25,19
"GS4 ",2,26,12
"GS4 ",2,65,9
"GS4 ",3,6,371
"GS4 ",3,16,15
"GS4 ",3,25,2
"GS4 ",3,26,4
"GS4 ",3,65,128
"GS5 ",1,6,11
"GS5 ",2,5,9
"GS5 ",2,6,30
"GS5 ",2,25,21
"GS5 ",2,26,21
"GS5 ",2,65,3
"GS5 ",3,5,6
"GS5 ",3,6,365
"GS5 ",3,16,10
"GS5 ",3,26,1
"GS5 ",3,65,60
"GS6 ",1,5,1
"GS6 ",1,6,9
"GS6 ",1,13,1
"GS6 ",1,16,8
"GS6 ",2,5,7
"GS6 ",2,6,20
"GS6 ",2,16,2
"GS6 ",2,25,13
"GS6 ",2,26,338
"GS6 ",2,28,1
"GS6 ",3,5,12
"GS6 ",3,6,245
"GS6 ",3,13,2
"GS6 ",3,16,75
"GS6 ",3,25,2
"GS6 ",3,26,2
"GS6 ",3,29,1
"GS6 ",3,65,31
"GS7 ",1,6,7
"GS7 ",1,16,1
"GS7 ",2,5,1
"GS7 ",2,6,22
"GS7 ",2,25,9
"GS7 ",2,26,356
"GS7 ",3,5,6
"GS7 ",3,6,56
"GS7 ",3,16,46
"GS7 ",3,25,1
"GS7 ",3,26,2
"GSH ",1,50,440
"GSH ",2,50,547
"GSH ",3,50,466
"GSZ ",1,50,55
"GSZ ",2,50,36
"GSZ ",3,50,1642
"GTB ",1,5,2
"GTB ",1,16,1
"GTB ",1,23,514
"GTB ",2,5,4
"GTB ",2,6,2
"GTB ",2,23,277
"GTB ",2,24,15
"GTB ",2,25,136
"GTB ",2,65,17
"GTB ",3,5,51
"GTB ",3,6,12
"GTB ",3,16,175
"GTB ",3,23,4
"GTB ",3,29,1
"GTB ",3,65,146
"GTK ",1,6,2
"GTK ",2,6,2
"GTK ",3,6,2
"GTS ",2,50,63
"GTS ",3,50,8
"GTT ",1,50,191
"GTT ",2,50,62
"GTT ",3,50,409
"GTX ",1,6,7
"GTX ",1,16,8
"GTX ",1,23,81
"GTX ",2,6,15
"GTX ",2,16,14
"GTX ",2,23,88
"GTX ",2,24,53
"GTX ",2,25,20
"GTX ",2,40,1
"GTX ",2,65,2
"GTX ",3,6,138
"GTX ",3,16,57
"GTX ",3,24,6
"GTX ",3,51,1
"GTX ",3,65,32
"GTZ ",2,50,32
"GTZ ",3,50,248
"GUS ",1,50,6
"GUS ",2,50,148
"GUS ",3,50,144
"GXA ",2,50,195
"GXA ",3,50,53
"GXB ",1,50,13
"GXB ",2,50,310
"GXB ",3,50,561
"GXC ",1,50,21
"GXC ",2,50,251
"GXC ",3,50,175
"GXD ",1,6,2
"GXD ",1,23,200
"GXD ",2,5,10
"GXD ",2,6,15
"GXD ",2,23,89
"GXD ",2,24,24
"GXD ",2,25,8
"GXD ",3,5,38
"GXD ",3,6,63
"GXD ",3,16,3
"GXD ",3,25,2
"GXD ",3,44,13
"GXD ",3,51,4
"GXJ ",1,5,2
"GXJ ",1,6,3
"GXJ ",2,5,2
"GXJ ",2,6,36
"GXJ ",3,5,18
"GXJ ",3,6,109
"GXK ",1,5,2
"GXK ",1,6,3
"GXK ",2,5,2
"GXK ",2,6,81
"GXK ",3,5,18
"GXK ",3,6,217
"GXS ",1,50,742
"GXS ",2,50,465
"GXS ",3,50,184
"GXX ",1,16,3
"GXX ",2,5,2
"GXX ",2,6,2
"GXX ",2,24,5
"GXX ",2,25,28
"GXX ",2,65,27
"GXX ",3,5,12
"GXX ",3,6,6
"GXX ",3,16,15
"GXX ",3,24,2
"GXX ",3,51,1
"GXX ",3,65,29
"GXZ ",1,5,2
"GXZ ",1,6,2
"GXZ ",1,13,1
"GXZ ",1,16,5
"GXZ ",1,23,1034
"GXZ ",2,5,2
"GXZ ",2,6,25
"GXZ ",2,16,4
"GXZ ",2,23,123
"GXZ ",2,24,163
"GXZ ",2,25,37
"GXZ ",2,51,14
"GXZ ",3,5,12
"GXZ ",3,6,157
"GXZ ",3,13,1
"GXZ ",3,14,1
"GXZ ",3,16,114
"GXZ ",3,24,2
"GXZ ",3,26,1
"GXZ ",3,29,8
"GXZ ",3,44,1
"GXZ ",3,51,1
"GXZ ",3,65,20
"GYD ",1,50,97
"GYD ",2,50,138
"GYD ",3,50,203
"GZA ",1,50,5
"GZA ",2,50,151
"GZA ",3,50,672
"GZD ",1,50,12
"GZD ",2,50,476
"GZD ",3,50,156
"GZG ",2,50,147
"GZG ",3,50,605
"GZK ",2,50,43
"GZK ",3,50,95
"GZN ",1,50,1
"GZN ",2,50,279
"GZN ",3,50,244
"GZS ",1,50,1
"GZS ",2,50,59
"GZS ",3,50,39
"GZT ",1,24,2
"GZT ",1,50,26
"GZT ",2,50,116
"GZT ",3,50,58
"GZX ",1,50,59
"GZX ",2,50,50
"GZX ",3,50,21
"GZY ",2,50,87
"GZY ",3,50,54
"GZZ ",1,50,15
"GZZ ",2,50,406
"GZZ ",3,50,111
"H10 ",2,5,1
"H10 ",2,6,4
"H10 ",2,25,15
"H10 ",3,16,22
"H11 ",1,16,56
"H11 ",2,5,1
"H11 ",2,6,5
"H11 ",2,16,2
"H11 ",2,25,18
"H11 ",2,65,4
"H11 ",3,16,5
"H11 ",3,65,3
"H12 ",1,16,41
"H12 ",2,6,2
"H12 ",2,16,25
"H12 ",2,25,66
"H12 ",2,65,19
"H12 ",3,16,42
"H12 ",3,65,4
"H13 ",1,16,196
"H13 ",2,6,3
"H13 ",2,16,59
"H13 ",2,25,26
"H13 ",2,26,20
"H13 ",2,65,26
"H13 ",3,16,76
"H13 ",3,65,9
"H14 ",1,16,4
"H14 ",2,6,2
"H14 ",3,16,7
"H15 ",1,16,3
"H15 ",2,6,3
"H15 ",2,16,5
"H15 ",2,25,26
"H15 ",2,65,10
"H15 ",3,16,7
"H16 ",1,5,1
"H16 ",1,6,4
"H16 ",1,16,9
"H16 ",2,5,2
"H16 ",2,6,17
"H16 ",2,25,2
"H16 ",3,5,12
"H16 ",3,6,11
"H16 ",3,16,4
"H17 ",2,5,2
"H17 ",2,6,2
"H17 ",3,5,12
"H17 ",3,6,6
"H17 ",3,16,2
"H18 ",1,5,1
"H18 ",1,6,6
"H18 ",2,5,9
"H18 ",2,6,31
"H18 ",2,25,6
"H18 ",2,65,3
"H18 ",3,5,54
"H18 ",3,6,27
"H18 ",3,16,12
"H18 ",3,25,1
"H18 ",3,26,1
"H18 ",3,65,5
"H19 ",1,6,6
"H19 ",1,16,3
"H19 ",2,5,9
"H19 ",2,6,27
"H19 ",2,25,20
"H19 ",2,26,8
"H19 ",2,65,6
"H19 ",3,5,56
"H19 ",3,6,30
"H19 ",3,16,24
"H19 ",3,65,9
"H20 ",1,5,1
"H20 ",1,6,4
"H20 ",2,5,6
"H20 ",2,6,21
"H20 ",2,25,70
"H20 ",2,65,3
"H20 ",3,5,36
"H20 ",3,6,20
"H20 ",3,16,92
"H20 ",3,26,3
"H21 ",1,6,4
"H21 ",1,16,4
"H21 ",2,5,6
"H21 ",2,6,27
"H21 ",2,25,55
"H21 ",2,65,9
"H21 ",3,5,36
"H21 ",3,6,28
"H21 ",3,16,40
"H21 ",3,25,1
"H21 ",3,65,1
"H22 ",1,5,2
"H22 ",1,6,2
"H22 ",2,5,9
"H22 ",2,6,20
"H22 ",2,25,98
"H22 ",3,5,49
"H22 ",3,6,28
"H22 ",3,16,51
"H22 ",3,65,1
"H23 ",1,5,1
"H23 ",1,6,17
"H23 ",1,16,3
"H23 ",2,5,7
"H23 ",2,6,133
"H23 ",2,25,201
"H23 ",2,26,645
"H23 ",2,65,17
"H23 ",3,5,42
"H23 ",3,6,87
"H23 ",3,16,425
"H23 ",3,25,3
"H23 ",3,26,6
"H23 ",3,65,27
"H24 ",1,6,2
"H24 ",2,5,2
"H24 ",2,6,7
"H24 ",3,5,12
"H24 ",3,6,16
"H24 ",3,16,11
"H24 ",3,65,26
"H25 ",1,6,8
"H25 ",1,16,2
"H25 ",2,5,2
"H25 ",2,6,30
"H25 ",2,25,24
"H25 ",2,65,13
"H25 ",3,5,12
"H25 ",3,6,23
"H25 ",3,16,21
"H25 ",3,65,14
"H26 ",3,65,2
"H27 ",1,6,2
"H27 ",2,5,12
"H27 ",2,6,12
"H27 ",2,25,14
"H27 ",3,5,12
"H27 ",3,6,7
"H27 ",3,16,17
"H28 ",1,6,4
"H28 ",1,16,25
"H28 ",2,5,11
"H28 ",2,6,15
"H28 ",2,16,2
"H28 ",2,25,65
"H28 ",2,26,232
"H28 ",2,65,2
"H28 ",3,5,12
"H28 ",3,6,7
"H28 ",3,16,118
"H28 ",3,25,1
"H28 ",3,26,2
"H28 ",3,65,7
"H29 ",1,6,3
"H29 ",1,16,2
"H29 ",2,5,11
"H29 ",2,6,12
"H29 ",2,16,2
"H29 ",2,25,80
"H29 ",2,65,3
"H29 ",3,5,12
"H29 ",3,6,11
"H29 ",3,16,38
"H29 ",3,65,31
"H30 ",1,5,1
"H30 ",1,6,12
"H30 ",1,16,47
"H30 ",2,5,5
"H30 ",2,6,40
"H30 ",2,25,73
"H30 ",2,26,227
"H30 ",2,65,7
"H30 ",3,5,31
"H30 ",3,6,41
"H30 ",3,16,81
"H30 ",3,39,1
"H31 ",1,5,2
"H31 ",1,6,8
"H31 ",2,5,5
"H31 ",2,6,31
"H31 ",2,25,242
"H31 ",2,26,231
"H31 ",2,28,10
"H31 ",2,65,1
"H31 ",3,5,32
"H31 ",3,6,20
"H31 ",3,16,110
"H31 ",3,25,1
"H31 ",3,26,2
"H31 ",3,39,1
"H31 ",3,65,1
"H32 ",1,5,1
"H32 ",1,6,8
"H32 ",2,5,5
"H32 ",2,6,27
"H32 ",2,25,8
"H32 ",3,5,32
"H32 ",3,6,22
"H32 ",3,16,47
"H33 ",1,6,2
"H33 ",1,16,1
"H33 ",2,5,4
"H33 ",2,6,9
"H33 ",2,25,8
"H33 ",2,65,1
"H33 ",3,5,24
"H33 ",3,6,15
"H33 ",3,16,17
"H33 ",3,39,3
"H34 ",1,5,1
"H34 ",1,6,2
"H34 ",2,5,4
"H34 ",2,6,10
"H34 ",2,25,12
"H34 ",2,65,9
"H34 ",3,5,25
"H34 ",3,6,12
"H34 ",3,16,23
"H34 ",3,65,24
"H35 ",1,5,1
"H35 ",1,6,1
"H35 ",1,16,4
"H35 ",2,5,4
"H35 ",2,6,13
"H35 ",2,16,2
"H35 ",2,25,17
"H35 ",3,5,24
"H35 ",3,6,13
"H35 ",3,16,40
"H35 ",3,65,38
"H36 ",1,6,2
"H36 ",1,16,1
"H36 ",2,5,2
"H36 ",2,6,10
"H36 ",2,16,2
"H36 ",2,25,24
"H36 ",2,26,7
"H36 ",2,65,7
"H36 ",3,5,13
"H36 ",3,6,7
"H36 ",3,16,29
"H36 ",3,26,1
"H36 ",3,65,2
"HAF ",1,50,580
"HAF ",2,50,307
"HAF ",3,50,688
"HAN ",1,50,92
"HAN ",2,50,259
"HAN ",3,50,158
"HAS ",1,50,133
"HAS ",2,50,115
"HAS ",3,50,7
"HBC ",1,32,10
"HBC ",3,32,1
"HCB ",1,50,224
"HCB ",2,50,226
"HCB ",3,50,108
"HCP ",1,24,2
"HCP ",2,50,199
"HCP ",3,50,32
"HCX ",1,4,3
"HCX ",1,6,2
"HCX ",2,5,1
"HCX ",2,6,4
"HCX ",2,23,29
"HCX ",2,24,31
"HCX ",2,25,8
"HCX ",2,28,2
"HCX ",2,65,8
"HCX ",3,5,6
"HCX ",3,6,6
"HCX ",3,16,38
"HCX ",3,51,1
"HCX ",3,65,69
"HFZ ",1,50,324
"HFZ ",2,50,475
"HFZ ",3,50,261
"HGX ",1,16,5
"HGX ",1,23,766
"HGX ",2,5,8
"HGX ",2,6,19
"HGX ",2,16,10
"HGX ",2,23,138
"HGX ",2,25,120
"HGX ",2,40,6
"HGX ",2,65,28
"HGX ",3,4,5
"HGX ",3,5,49
"HGX ",3,6,56
"HGX ",3,16,156
"HGX ",3,24,2
"HGX ",3,65,36
"HGZ ",1,24,2
"HGZ ",1,50,514
"HGZ ",2,50,1197
"HGZ ",3,50,1252
"HJB ",1,50,313
"HJB ",2,50,714
"HJB ",3,50,48
"HJF ",1,50,782
"HJF ",2,50,858
"HJF ",3,50,461
"HJS ",1,6,6
"HJS ",1,16,162
"HJS ",1,23,151
"HJS ",2,5,6
"HJS ",2,6,37
"HJS ",2,23,7
"HJS ",2,24,45
"HJS ",2,25,116
"HJS ",2,26,4
"HJS ",2,40,23
"HJS ",2,65,10
"HJS ",3,5,18
"HJS ",3,6,86
"HJS ",3,16,7
"HJS ",3,65,32
"HKA ",2,50,2
"HKA ",3,50,29
"HKZ ",1,50,322
"HKZ ",2,50,430
"HKZ ",3,50,242
"HLB ",2,50,3114
"HLB ",3,50,2848
"HLH ",1,50,5
"HLH ",2,50,110
"HLH ",3,50,40
"HLK ",1,50,1
"HLK ",3,50,6
"HLS ",1,50,8
"HLS ",2,50,136
"HLS ",3,50,102
"HLX ",1,50,93
"HLX ",2,50,548
"HLX ",3,50,25
"HLZ ",1,50,6
"HLZ ",2,50,25
"HLZ ",3,50,56
"HML ",1,50,1
"HML ",2,50,139
"HML ",3,50,11
"HMN ",1,4,1
"HMN ",2,5,3
"HMN ",2,6,38
"HMN ",2,23,99
"HMN ",2,24,51
"HMN ",2,25,132
"HMN ",2,40,8
"HMN ",2,51,15
"HMN ",3,5,12
"HMN ",3,6,37
"HMN ",3,16,32
"HMN ",3,24,25
"HMN ",3,51,4
"HMN ",3,65,32
"HQA ",2,50,249
"HQA ",3,50,101
"HQS ",1,24,1
"HQS ",1,50,478
"HQS ",2,50,232
"HQS ",3,50,322
"HRS ",1,33,25
"HRS ",2,33,324
"HRS ",3,33,38
"HSK ",2,5,4
"HSK ",2,6,18
"HSK ",3,5,10
"HSK ",3,6,3
"HSR ",1,50,2502
"HSR ",2,50,667
"HSR ",3,50,421
"HSS ",1,23,44
"HSS ",2,5,10
"HSS ",2,6,190
"HSS ",2,16,2
"HSS ",2,23,27
"HSS ",2,24,22
"HSS ",2,25,45
"HSS ",2,26,201
"HSS ",3,3,5
"HSS ",3,5,10
"HSS ",3,6,60
"HSS ",3,16,32
"HSS ",3,20,3
"HST ",2,50,9
"HST ",3,50,12
"HSX ",2,50,65
"HSX ",3,50,26
"HSZ ",2,50,158
"HSZ ",3,50,11
"HTB ",1,50,19
"HTB ",2,50,75
"HTB ",3,50,382
"HTG ",1,50,10
"HTG ",2,50,96
"HTG ",3,50,225
"HTS ",1,44,214
"HTS ",1,51,148
"HTS ",1,91,729
"HTS ",1,111,21
"HTS ",2,1,8
"HTS ",2,5,3
"HTS ",2,50,2194
"HTS ",2,51,164
"HTS ",2,80,2
"HTS ",2,91,65
"HTS ",3,44,75
"HTS ",3,80,2
"HTS ",3,91,1
"HTS ",3,111,312
"HTX ",1,50,922
"HTX ",2,50,1653
"HTX ",3,50,708
"HTZ ",2,50,52
"HTZ ",3,50,4
"HWZ ",2,50,40
"HWZ ",3,50,39
"HXX ",1,50,190
"HXX ",2,50,446
"HXX ",3,50,204
"HXZ ",1,50,2
"HXZ ",2,50,1552
"HXZ ",3,50,827
"HYW ",3,27,6
"HYX ",1,50,191
"HYX ",2,50,99
"HYX ",3,50,11
"HYZ ",1,50,82
"HYZ ",2,50,724
"HYZ ",3,50,771
"J17 ",1,50,14
"J17 ",2,50,79
"J17 ",3,50,20
"J18 ",1,50,32
"J18 ",2,50,92
"J18 ",3,50,1
"J19 ",1,50,29
"J19 ",2,50,154
"J19 ",3,50,146
"J20 ",1,50,10
"J20 ",2,50,113
"J20 ",3,50,55
"J21 ",1,50,26
"J21 ",2,50,240
"J21 ",3,50,175
"J22 ",1,50,15
"J22 ",2,50,269
"J22 ",3,50,40
"J23 ",1,50,24
"J23 ",2,50,108
"J23 ",3,50,179
"J24 ",1,50,60
"J24 ",2,50,465
"J24 ",3,50,331
"J25 ",1,50,37
"J25 ",2,50,63
"J25 ",3,50,54
"J26 ",1,50,7
"J26 ",2,50,36
"J26 ",3,50,27
"J27 ",1,50,20
"J27 ",2,50,64
"J27 ",3,50,293
"J28 ",1,50,8
"J28 ",2,50,82
"J28 ",3,50,48
"J29 ",1,50,4
"J29 ",2,50,143
"J29 ",3,50,289
"J30 ",1,50,44
"J30 ",2,50,315
"J30 ",3,50,623
"J31 ",1,50,9
"J31 ",2,50,96
"J31 ",3,50,718
"J32 ",1,50,57
"J32 ",2,50,344
"J32 ",3,50,448
"J33 ",1,50,43
"J33 ",2,50,109
"J33 ",3,50,490
"J34 ",1,50,32
"J34 ",2,50,149
"J34 ",3,50,45
"J35 ",1,50,24
"J35 ",2,50,56
"J35 ",3,50,51
"J36 ",1,50,21
"J36 ",2,50,68
"J36 ",3,50,31
"J37 ",1,50,16
"J37 ",2,50,149
"J37 ",3,50,14
"J38 ",1,50,4
"J38 ",2,50,88
"J38 ",3,50,275
"JAA ",1,50,12
"JAA ",2,50,341
"JAA ",3,50,602
"JAN ",1,50,28
"JAN ",2,50,193
"JAN ",3,50,241
"JAX ",1,6,2
"JAX ",1,20,4
"JAX ",1,23,147
"JAX ",2,6,2
"JAX ",2,16,2
"JAX ",2,23,40
"JAX ",2,24,17
"JAX ",2,25,40
"JAX ",2,27,4
"JAX ",2,65,48
"JAX ",3,16,47
"JAX ",3,24,3
"JAX ",3,65,471
"JBH ",2,50,21
"JBH ",3,50,1
"JBW ",2,50,33
"JBW ",3,50,398
"JBZ ",1,50,3
"JBZ ",2,50,84
"JBZ ",3,50,170
"JDB ",1,50,1274
"JDB ",2,50,888
"JDB ",3,50,5363
"JDN ",1,24,2
"JDN ",1,50,684
"JDN ",2,50,571
"JDN ",3,50,1607
"JDS ",1,50,81
"JDS ",2,50,1811
"JDS ",3,50,477
"JDZ ",1,24,2
"JDZ ",1,50,4
"JDZ ",2,50,469
"JDZ ",3,50,145
"JFX ",1,6,1
"JFX ",1,16,16
"JFX ",1,23,292
"JFX ",2,6,14
"JFX ",2,16,2
"JFX ",2,23,153
"JFX ",2,24,6
"JFX ",2,25,5
"JFX ",2,65,3
"JFX ",3,6,24
"JFX ",3,16,8
"JFX ",3,23,4
"JFX ",3,65,8
"JGS ",1,50,21
"JGS ",2,50,612
"JGS ",3,50,47
"JIS ",1,50,24
"JIS ",2,50,105
"JIS ",3,50,1658
"JJA ",1,50,129
"JJA ",2,50,803
"JJA ",3,50,563
"JJF ",1,50,375
"JJF ",2,50,467
"JJF ",3,50,38
"JJN ",1,50,4
"JJN ",2,50,179
"JJN ",3,50,462
"JKA ",1,50,1
"JKA ",2,50,3
"JKA ",3,50,30
"JKZ ",1,50,4
"JKZ ",2,50,45
"JKZ ",3,50,21
"JLL ",1,50,2
"JLL ",2,50,248
"JLL ",3,50,110
"JLZ ",1,50,2153
"JLZ ",2,50,1588
"JLZ ",3,50,454
"JMZ ",1,24,1
"JMZ ",1,50,1882
"JMZ ",2,50,332
"JMZ ",3,50,908
"JNB ",1,50,948
"JNB ",2,50,2299
"JNB ",3,50,895
"JNN ",2,50,302
"JNN ",3,50,155
"JOD ",1,50,141
"JOD ",2,50,110
"JOD ",3,50,464
"JOX ",1,50,379
"JOX ",2,50,348
"JOX ",3,50,167
"JOZ ",1,50,3
"JOZ ",2,50,103
"JOZ ",3,50,45
"JST ",1,50,188
"JST ",2,50,25
"JST ",3,50,88
"JSX ",1,6,2
"JSX ",1,23,285
"JSX ",2,5,3
"JSX ",2,6,15
"JSX ",2,16,1
"JSX ",2,23,55
"JSX ",2,24,51
"JSX ",2,25,22
"JSX ",2,65,22
"JSX ",3,5,18
"JSX ",3,6,151
"JSX ",3,16,16
"JSX ",3,24,2
"JSX ",3,65,137
"JSZ ",1,50,80
"JSZ ",2,50,166
"JSZ ",3,50,354
"JX1 ",1,50,7
"JX1 ",2,50,449
"JX1 ",3,50,4719
"JX2 ",2,50,235
"JX2 ",3,50,552
"JXB ",1,50,79
"JXB ",2,50,702
"JXB ",3,50,92
"JXN ",1,13,1
"JXN ",1,23,930
"JXN ",2,5,8
"JXN ",2,6,20
"JXN ",2,16,1
"JXN ",2,23,161
"JXN ",2,25,74
"JXN ",2,65,12
"JXN ",3,5,42
"JXN ",3,6,56
"JXN ",3,13,1
"JXN ",3,14,1
"JXN ",3,16,39
"JXN ",3,23,19
"JXN ",3,24,9
"JXN ",3,44,5
"JXN ",3,65,37
"JXS ",1,50,906
"JXS ",2,50,156
"JXS ",3,50,8
"JXZ ",1,50,150
"JXZ ",2,50,611
"JXZ ",3,50,329
"JYA ",1,24,1
"JYA ",1,50,1
"JYA ",2,50,123
"JYA ",3,50,133
"JYG ",2,50,101
"JYG ",3,50,115
"JYZ ",2,50,53
"JYZ ",3,50,12
"JZ1 ",1,50,26
"JZ1 ",2,50,55
"JZ1 ",3,50,81
"JZ2 ",1,50,2
"JZ2 ",2,50,45
"JZ2 ",3,50,51
"JZ3 ",1,50,20
"JZ3 ",2,50,286
"JZ3 ",3,50,71
"JZ4 ",1,50,4
"JZ4 ",2,50,3
"JZ4 ",3,50,28
"JZ5 ",3,50,32
"JZS ",1,50,328
"JZS ",2,50,167
"JZS ",3,50,86
"K23 ",1,50,3293
"K23 ",2,50,553
"K23 ",3,50,175
"K3X ",2,50,43
"K3X ",3,50,61
"K8X ",1,50,60
"K8X ",2,50,106
"K8X ",3,50,189
"KKZ ",1,50,7
"KKZ ",2,50,30
"KKZ ",3,50,191
"KLZ ",1,50,1
"KLZ ",2,50,190
"KLZ ",3,50,156
"KME ",2,6,1
"KME ",3,6,16
"KMZ ",2,5,1
"KMZ ",2,17,43
"KMZ ",2,23,1
"KMZ ",2,24,19
"KMZ ",2,40,10
"KMZ ",3,3,4
"KMZ ",3,6,13
"KMZ ",3,15,7800
"KMZ ",3,23,5
"KMZ ",3,29,9
"KMZ ",3,44,417
"KSZ ",1,50,191
"KSZ ",2,50,687
"KSZ ",3,50,16
"KZK ",2,50,28
"KZK ",3,50,40
"KZS ",1,50,1
"KZS ",2,50,672
"KZS ",3,50,114
"LAZ ",2,50,180
"LAZ ",3,50,35
"LCA ",2,50,129
"LCA ",3,50,26
"LCZ ",2,50,72
"LCZ ",3,50,2168
"LDD ",1,50,843
"LDD ",2,50,330
"LDD ",3,50,221
"LDF ",1,50,389
"LDF ",2,50,177
"LDF ",3,50,391
"LDX ",2,50,91
"LDX ",3,50,14
"LFZ ",2,50,165
"LFZ ",3,50,248
"LHA ",2,50,260
"LHA ",3,50,255
"LHC ",1,50,1674
"LHC ",2,50,1282
"LHC ",3,50,172
"LHS ",1,50,3190
"LHS ",2,50,564
"LHS ",3,50,841
"LHT ",2,50,6
"LHT ",3,50,91
"LHZ ",2,50,209
"LHZ ",3,50,14
"LJD ",1,50,1
"LJD ",2,50,221
"LJD ",3,50,83
"LJG ",1,50,29
"LJG ",2,50,144
"LJG ",3,50,274
"LJS ",1,50,99
"LJS ",2,50,65
"LJS ",3,50,13
"LJZ ",1,6,1
"LJZ ",1,13,13
"LJZ ",1,16,15
"LJZ ",1,23,2340
"LJZ ",2,5,4
"LJZ ",2,6,93
"LJZ ",2,16,39
"LJZ ",2,23,798
"LJZ ",2,24,456
"LJZ ",2,25,153
"LJZ ",2,26,54
"LJZ ",2,28,6
"LJZ ",2,65,416
"LJZ ",3,3,7
"LJZ ",3,4,3
"LJZ ",3,5,12
"LJZ ",3,6,31
"LJZ ",3,13,13
"LJZ ",3,14,1
"LJZ ",3,15,51
"LJZ ",3,16,711
"LJZ ",3,23,196
"LJZ ",3,26,1
"LJZ ",3,29,2
"LKA ",1,50,39
"LKA ",2,50,93
"LKA ",3,50,144
"LL1 ",1,50,26
"LL1 ",2,50,821
"LL1 ",3,50,318
"LL2 ",1,50,8
"LL2 ",2,50,467
"LL2 ",3,50,50
"LL3 ",1,50,8
"LL3 ",2,50,286
"LL3 ",3,50,46
"LMZ ",1,50,40
"LMZ ",2,50,79
"LMZ ",3,50,37
"LND ",1,4,1
"LND ",1,6,4
"LND ",2,6,13
"LND ",2,16,6
"LND ",2,23,82
"LND ",2,24,52
"LND ",2,25,33
"LND ",2,26,409
"LND ",2,51,1
"LND ",2,65,10
"LND ",3,6,28
"LND ",3,14,2
"LND ",3,16,103
"LND ",3,24,13
"LND ",3,25,1
"LND ",3,26,2
"LND ",3,51,3
"LND ",3,65,57
"LNZ ",1,24,1
"LNZ ",2,50,171
"LNZ ",3,50,574
"LOS ",1,50,1
"LOS ",2,50,65
"LOS ",3,50,20
"LPB ",1,50,26
"LPB ",2,50,203
"LPB ",3,50,117
"LPZ ",1,50,3
"LPZ ",2,50,566
"LPZ ",3,50,551
"LQZ ",1,24,14
"LQZ ",1,50,42
"LQZ ",2,50,246
"LQZ ",3,50,464
"LSA ",1,24,1
"LSA ",1,50,5720
"LSA ",2,50,423
"LSA ",3,50,291
"LSC ",1,50,164
"LSC ",2,50,192
"LSC ",3,50,35
"LSH ",1,50,1
"LSH ",2,50,229
"LSH ",3,50,70
"LSJ ",2,50,13
"LSJ ",3,50,718
"LSK ",1,6,1
"LSK ",2,5,6
"LSK ",2,6,3
"LSK ",2,46,2
"LSP ",1,24,1
"LSP ",1,50,236
"LSP ",2,50,613
"LSP ",3,50,943
"LSS ",1,24,1
"LSS ",2,50,369
"LSS ",3,50,259
"LST ",2,50,241
"LST ",3,50,25
"LSZ ",1,4,50
"LSZ ",1,20,8
"LSZ ",1,23,31
"LSZ ",1,24,1
"LSZ ",2,5,6
"LSZ ",2,6,7
"LSZ ",2,16,18
"LSZ ",2,23,108
"LSZ ",2,24,131
"LSZ ",2,25,840
"LSZ ",2,26,1619
"LSZ ",2,27,28
"LSZ ",2,28,33
"LSZ ",2,40,2
"LSZ ",2,51,2
"LSZ ",2,65,47
"LSZ ",3,4,1
"LSZ ",3,5,19
"LSZ ",3,6,200
"LSZ ",3,16,65
"LSZ ",3,23,3
"LSZ ",3,24,414
"LSZ ",3,25,2
"LSZ ",3,44,2
"LSZ ",3,51,1
"LSZ ",3,65,219
"LTA ",1,50,1
"LTA ",2,50,129
"LTA ",3,50,1508
"LX1 ",1,50,38
"LX1 ",2,50,127
"LX1 ",3,50,56
"LX2 ",1,50,53
"LX2 ",2,50,108
"LX2 ",3,50,86
"LXZ ",1,50,2
"LXZ ",2,50,195
"LXZ ",3,50,430
"LYA ",1,50,3
"LYA ",2,50,4
"LYA ",3,50,677
"LYC ",1,50,12
"LYC ",3,50,12
"LYD ",2,50,16
"LYD ",3,50,70
"LYK ",1,50,3154
"LYK ",2,50,264
"LYK ",3,50,235
"LYR ",1,50,34
"LYR ",2,50,149
"LYR ",3,50,145
"LYZ ",1,13,3
"LYZ ",1,16,7
"LYZ ",1,23,830
"LYZ ",2,5,1
"LYZ ",2,6,10
"LYZ ",2,16,3
"LYZ ",2,23,204
"LYZ ",2,24,74
"LYZ ",2,25,109
"LYZ ",2,26,27
"LYZ ",2,40,5
"LYZ ",2,65,45
"LYZ ",3,3,4
"LYZ ",3,4,8
"LYZ ",3,5,4
"LYZ ",3,6,3
"LYZ ",3,13,3
"LYZ ",3,15,65
"LYZ ",3,16,452
"LYZ ",3,26,1
"LYZ ",3,29,1
"LYZ ",3,65,28
"LZB ",1,50,4
"LZB ",2,50,3035
"LZB ",3,50,1985
"LZS ",1,50,20
"LZS ",2,50,194
"LZS ",3,50,348
"LZX ",2,50,17
"LZX ",3,50,23
"MCZ ",2,50,119
"MCZ ",3,50,235
"MDA ",2,50,75
"MDA ",3,50,98
"MDZ ",1,50,12
"MDZ ",2,50,166
"MDZ ",3,50,394
"MGZ ",2,50,24
"MGZ ",3,50,7
"MHZ ",2,50,13
"MHZ ",3,50,2
"MKA ",1,50,1496
"MKA ",2,50,1051
"MKA ",3,50,372
"MKS ",2,50,111
"MKS ",3,50,7
"MLS ",1,24,1
"MLS ",2,50,54
"MLS ",3,50,34
"MQB ",1,5,2
"MQB ",1,16,42
"MQB ",1,20,6
"MQB ",1,23,737
"MQB ",2,5,8
"MQB ",2,6,17
"MQB ",2,16,71
"MQB ",2,23,448
"MQB ",2,25,168
"MQB ",2,26,19
"MQB ",2,65,37
"MQB ",3,4,7
"MQB ",3,5,99
"MQB ",3,6,24
"MQB ",3,16,201
"MQB ",3,24,14
"MQB ",3,25,2
"MQB ",3,26,3
"MQB ",3,65,343
"MQZ ",1,50,5
"MQZ ",2,50,50
"MQZ ",3,50,13
"MSS ",1,50,4
"MSS ",2,50,152
"MSS ",3,50,140
"MXZ ",1,50,76
"MXZ ",2,50,182
"MXZ ",3,50,71
"MYS ",1,50,389
"MYS ",2,50,32
"MYS ",3,50,18
"N2C ",1,50,5
"N2C ",2,50,356
"N2C ",3,50,971
"NAB ",1,1,3
"NAB ",1,5,1
"NAB ",1,90,39
"NAB ",1,91,1
"NAB ",1,104,293
"NAB ",1,110,8
"NAB ",2,1,24
"NAB ",2,5,1
"NAB ",2,16,32
"NAB ",2,80,7
"NAB ",2,90,106
"NAB ",2,91,18
"NAB ",2,104,15
"NAB ",2,182,3
"NAB ",2,211,39
"NAB ",3,14,1
"NAB ",3,80,13
"NAB ",3,91,10
"NAB ",3,104,20
"NAB ",3,110,3
"NAB ",3,212,2
"NAZ ",1,50,71
"NAZ ",2,50,455
"NAZ ",3,50,1545
"NCB ",1,24,2
"NCB ",1,50,4
"NCB ",2,50,286
"NCB ",3,50,507
"NCD ",1,50,201
"NCD ",2,50,1442
"NCD ",3,50,382
"NCH ",1,50,792
"NCH ",2,50,943
"NCH ",3,50,179
"NCN ",2,50,173
"NCN ",3,50,246
"NCX ",1,5,1
"NCX ",1,16,15
"NCX ",1,23,3992
"NCX ",2,5,8
"NCX ",2,6,10
"NCX ",2,16,30
"NCX ",2,23,1143
"NCX ",2,25,73
"NCX ",2,26,14
"NCX ",2,40,12
"NCX ",2,46,7
"NCX ",2,65,9
"NCX ",3,5,52
"NCX ",3,6,30
"NCX ",3,16,156
"NCX ",3,23,3
"NCX ",3,24,4
"NCX ",3,46,103
"NCX ",3,65,19
"NCY ",1,24,3
"NCY ",1,50,493
"NCY ",2,50,357
"NCY ",3,50,178
"NCZ ",1,50,5
"NCZ ",2,50,805
"NCZ ",3,50,339
"NDA ",1,24,2
"NDA ",1,50,18
"NDA ",2,50,307
"NDA ",3,50,231
"NDB ",2,5,1
"NDB ",2,6,16
"NDB ",3,5,10
"NDB ",3,6,4
"NDB ",3,69,1
"NDD ",1,4,4
"NDD ",1,13,3
"NDD ",1,16,59
"NDD ",1,23,1517
"NDD ",2,6,6
"NDD ",2,23,197
"NDD ",2,24,153
"NDD ",2,25,91
"NDD ",2,26,1326
"NDD ",2,28,2
"NDD ",2,40,39
"NDD ",2,51,2
"NDD ",2,65,40
"NDD ",3,4,53
"NDD ",3,6,260
"NDD ",3,13,3
"NDD ",3,14,3
"NDD ",3,16,115
"NDD ",3,24,14
"NDD ",3,26,1
"NDD ",3,44,292
"NDD ",3,51,2
"NDD ",3,109,20
"NDE ",1,50,393
"NDE ",2,50,323
"NDE ",3,50,139
"NDS ",1,50,9
"NDS ",2,50,236
"NDS ",3,50,14
"NDZ ",1,4,1
"NDZ ",1,13,19
"NDZ ",1,16,6
"NDZ ",1,23,912
"NDZ ",2,6,17
"NDZ ",2,16,6
"NDZ ",2,23,189
"NDZ ",2,24,173
"NDZ ",2,25,228
"NDZ ",2,26,109
"NDZ ",2,28,24
"NDZ ",2,40,2
"NDZ ",2,65,59
"NDZ ",3,3,40
"NDZ ",3,5,12
"NDZ ",3,6,9
"NDZ ",3,13,19
"NDZ ",3,15,392
"NDZ ",3,16,751
"NDZ ",3,23,22
"NDZ ",3,26,1
"NDZ ",3,29,5
"NDZ ",3,65,154
"NFZ ",1,50,1051
"NFZ ",2,50,478
"NFZ ",3,50,157
"NHL ",1,50,109
"NHL ",2,50,262
"NHL ",3,50,197
"NHZ ",1,50,683
"NHZ ",2,50,648
"NHZ ",3,50,55
"NJX ",1,6,2
"NJX ",1,13,1
"NJX ",1,23,16
"NJX ",2,6,4
"NJX ",2,23,18
"NJX ",2,25,8
"NJX ",3,13,1
"NJX ",3,16,3
"NJX ",3,23,28
"NJZ ",1,24,1
"NJZ ",1,50,2995
"NJZ ",2,50,302
"NJZ ",3,50,317
"NKS ",2,50,81
"NKS ",3,50,739
"NKZ ",1,50,97
"NKZ ",2,50,1659
"NKZ ",3,50,417
"NL1 ",1,50,220
"NL1 ",2,50,679
"NL1 ",3,50,340
"NL2 ",1,50,89
"NL2 ",2,50,932
"NL2 ",3,50,121
"NL3 ",1,50,14
"NL3 ",2,50,5436
"NL3 ",3,50,104
"NL4 ",1,50,9
"NL4 ",2,50,243
"NL4 ",3,50,125
"NL5 ",1,50,11
"NL5 ",2,50,138
"NL5 ",3,50,135
"NL6 ",1,50,7
"NL6 ",2,50,160
"NL6 ",3,50,71
"NMS ",3,76,661
"NPB ",1,1,9
"NPB ",1,5,1
"NPB ",1,13,5
"NPB ",1,16,1
"NPB ",1,23,1103
"NPB ",2,5,4
"NPB ",2,6,16
"NPB ",2,16,2
"NPB ",2,23,479
"NPB ",2,25,34
"NPB ",2,26,2
"NPB ",2,65,1
"NPB ",3,4,1
"NPB ",3,5,48
"NPB ",3,6,43
"NPB ",3,13,5
"NPB ",3,16,23
"NPB ",3,24,44
"NPB ",3,25,2
"NPB ",3,26,4
"NPB ",3,44,13
"NPB ",3,65,44
"NPZ ",2,50,20
"NPZ ",3,50,55
"NSX ",1,50,25
"NSX ",2,50,70
"NSX ",3,50,26
"NTZ ",1,50,18
"NTZ ",2,50,176
"NTZ ",3,50,20
"NXC ",1,50,10680
"NXC ",2,50,664
"NXC ",3,50,906
"NXK ",1,6,2
"NXK ",2,5,4
"NXK ",2,6,16
"NXK ",3,5,84
"NXK ",3,6,19
"NXW ",1,50,1
"NXW ",2,50,19
"NXW ",3,50,362
"NXZ ",2,50,23
"NXZ ",3,50,60
"NYS ",1,24,1
"NYS ",1,50,4
"NYS ",2,50,401
"NYS ",3,50,107
"NYZ ",2,50,53
"NYZ ",3,50,66
"P10 ",1,50,14
"P10 ",2,50,617
"P10 ",3,50,284
"P11 ",1,50,49
"P11 ",2,50,1065
"P11 ",3,50,686
"P12 ",1,50,123
"P12 ",2,50,885
"P12 ",3,50,709
"P13 ",1,50,164
"P13 ",2,50,988
"P13 ",3,50,412
"P14 ",1,50,3
"P14 ",2,50,529
"P14 ",3,50,153
"P15 ",1,50,11
"P15 ",2,50,531
"P15 ",3,50,77
"P16 ",1,50,92
"P16 ",2,50,785
"P16 ",3,50,38
"P17 ",1,50,203
"P17 ",2,50,1109
"P17 ",3,50,354
"P18 ",1,50,27
"P18 ",2,50,656
"P18 ",3,50,14
"P19 ",1,50,139
"P19 ",2,50,957
"P19 ",3,50,91
"P20 ",1,50,3
"P20 ",2,50,825
"P20 ",3,50,450
"P21 ",1,50,6
"P21 ",2,50,768
"P21 ",3,50,186
"P22 ",1,50,121
"P22 ",2,50,1858
"P22 ",3,50,37
"P23 ",1,50,21
"P23 ",2,50,1208
"P23 ",3,50,35
"PHA ",2,50,3
"PHA ",3,50,1
"PHX ",1,50,97
"PHX ",2,50,149
"PHX ",3,50,144
"PLS ",1,1,3
"PLS ",1,91,5
"PLS ",1,110,15
"PLS ",2,1,8
"PLS ",2,50,22
"PLS ",2,88,128
"PLS ",2,91,32
"PLS ",2,220,1
"PLS ",3,10,38
"PLS ",3,13,6
"PLS ",3,17,8
"PLS ",3,84,2
"PLS ",3,88,93
"PLS ",3,91,15
"PLS ",3,110,6
"PLS ",3,160,214
"PLS ",3,204,2
"PLZ ",1,24,1
"PLZ ",1,50,780
"PLZ ",2,50,114
"PLZ ",3,50,50
"PNZ ",1,50,100
"PNZ ",2,50,234
"PNZ ",3,50,46
"PPH ",1,50,158
"PPH ",2,50,239
"PPH ",3,50,166
"PSS ",2,50,87
"PSS ",3,50,74
"PTD ",1,50,3
"PTD ",2,50,290
"PTD ",3,50,691
"PTF ",1,50,2399
"PTF ",2,50,943
"PTF ",3,50,130
"PTY ",2,5,1
"PTY ",2,6,40
"PTY ",2,16,9
"PTY ",2,23,553
"PTY ",2,24,701
"PTY ",2,25,173
"PTY ",2,26,941
"PTY ",2,27,14
"PTY ",2,28,2
"PTY ",2,40,34
"PTY ",2,51,54
"PTY ",3,3,94
"PTY ",3,4,1
"PTY ",3,5,253
"PTY ",3,6,12
"PTY ",3,13,1
"PTY ",3,16,54
"PTY ",3,26,1
"PTY ",3,27,1
"PTY ",3,44,32
"PTY ",3,51,7
"PTY ",3,65,3
"PTZ ",1,4,8
"PTZ ",1,6,2
"PTZ ",1,16,177
"PTZ ",1,23,794
"PTZ ",2,5,1
"PTZ ",2,6,12
"PTZ ",2,16,577
"PTZ ",2,23,184
"PTZ ",2,24,292
"PTZ ",2,25,302
"PTZ ",2,26,72
"PTZ ",2,27,8
"PTZ ",2,28,28
"PTZ ",2,40,2
"PTZ ",2,51,7
"PTZ ",2,65,20
"PTZ ",3,5,4
"PTZ ",3,6,1
"PTZ ",3,14,2
"PTZ ",3,16,837
"PTZ ",3,23,1
"PTZ ",3,24,78
"PTZ ",3,51,3
"PTZ ",3,65,44
"PXB ",1,16,51
"PXB ",1,23,685
"PXB ",2,5,4
"PXB ",2,6,9
"PXB ",2,16,4
"PXB ",2,23,220
"PXB ",2,25,73
"PXB ",2,26,63
"PXB ",2,65,18
"PXB ",3,5,25
"PXB ",3,6,41
"PXB ",3,14,2
"PXB ",3,16,128
"PXB ",3,24,9
"PXB ",3,44,7
"PXB ",3,65,46
"PXL ",2,50,435
"PXL ",3,50,128
"PXX ",1,24,4
"PXX ",1,50,3
"PXX ",2,50,279
"PXX ",3,50,654
"PYB ",1,50,209
"PYB ",2,50,252
"PYB ",3,50,77
"PYZ ",1,50,65
"PYZ ",2,50,176
"PYZ ",3,50,118
"PZZ ",2,50,55
"PZZ ",3,50,59
"QBS ",1,50,25
"QBS ",2,50,66
"QBS ",3,50,17
"QCH ",1,24,1
"QCH ",1,50,319
"QCH ",2,50,98
"QCH ",3,50,209
"QCZ ",1,50,5037
"QCZ ",2,50,553
"QCZ ",3,50,138
"QDZ ",1,50,24
"QDZ ",2,50,66
"QDZ ",3,50,222
"QGT ",1,50,28
"QGT ",2,50,17
"QGT ",3,50,24
"QGZ ",1,23,459
"QGZ ",2,6,4
"QGZ ",2,16,2
"QGZ ",2,23,223
"QGZ ",2,24,244
"QGZ ",2,25,31
"QGZ ",3,3,58
"QGZ ",3,6,2
"QGZ ",3,14,1
"QGZ ",3,16,24
"QGZ ",3,20,4
"QGZ ",3,26,4
"QGZ ",3,51,5
"QJZ ",1,50,50
"QJZ ",2,50,325
"QJZ ",3,50,133
"QKZ ",1,50,1
"QKZ ",2,50,42
"QKZ ",3,50,38
"QLE ",2,50,42
"QLE ",3,50,28
"QLH ",2,50,191
"QLH ",3,50,40
"QLZ ",1,50,107
"QLZ ",2,50,250
"QLZ ",3,50,42
"QQZ ",1,24,2
"QQZ ",1,50,5
"QQZ ",2,50,102
"QQZ ",3,50,52
"QSC ",1,50,128
"QSC ",2,50,206
"QSC ",3,50,439
"QSY ",1,50,33
"QSY ",2,50,78
"QSY ",3,50,140
"QSZ ",2,50,42
"QSZ ",3,50,37
"QXS ",1,50,102
"QXS ",2,50,59
"QXS ",3,50,209
"QZD ",1,23,428
"QZD ",2,6,3
"QZD ",2,16,14
"QZD ",2,23,195
"QZD ",2,24,217
"QZD ",2,25,43
"QZD ",2,26,270
"QZD ",2,51,57
"QZD ",2,65,3
"QZD ",3,3,60
"QZD ",3,4,23
"QZD ",3,6,1
"QZD ",3,16,28
"QZD ",3,51,5
"QZD ",3,65,8
"QZF ",1,50,1269
"QZF ",2,50,1638
"QZF ",3,50,174
"QZN ",1,23,429
"QZN ",2,6,1
"QZN ",2,16,2
"QZN ",2,23,117
"QZN ",2,24,197
"QZN ",2,25,54
"QZN ",2,26,321
"QZN ",2,51,27
"QZN ",3,3,33
"QZN ",3,5,502
"QZN ",3,6,4
"QZN ",3,16,11
"QZN ",3,20,2
"QZN ",3,44,3
"QZN ",3,51,10
"QZN ",3,65,18
"QZZ ",1,44,1
"QZZ ",1,51,362
"QZZ ",1,80,1
"QZZ ",1,91,69
"QZZ ",1,110,27
"QZZ ",2,1,16
"QZZ ",2,5,1
"QZZ ",2,6,1
"QZZ ",2,18,2
"QZZ ",2,50,52
"QZZ ",2,51,31
"QZZ ",2,80,593
"QZZ ",2,84,3
"QZZ ",2,91,43
"QZZ ",2,99,6
"QZZ ",2,185,13
"QZZ ",2,186,18
"QZZ ",2,220,7
"QZZ ",3,5,121
"QZZ ",3,44,4
"QZZ ",3,80,3498
"QZZ ",3,84,16
"QZZ ",3,85,4
"QZZ ",3,86,4
"QZZ ",3,87,4
"QZZ ",3,88,256
"QZZ ",3,91,35
"QZZ ",3,110,33
"QZZ ",3,204,8
"QZZ ",3,212,8
"RCX ",1,4,1
"RCX ",1,6,4
"RCX ",1,13,1
"RCX ",1,16,21
"RCX ",1,23,1014
"RCX ",2,5,6
"RCX ",2,6,14
"RCX ",2,23,58
"RCX ",2,24,80
"RCX ",2,25,114
"RCX ",2,40,2
"RCX ",2,51,3
"RCX ",2,65,11
"RCX ",3,5,18
"RCX ",3,6,201
"RCX ",3,13,1
"RCX ",3,16,4
"RCX ",3,24,1
"RCX ",3,51,1
"RCX ",3,65,126
"RCZ ",2,50,121
"RCZ ",3,50,122
"RQS ",1,50,20
"RQS ",2,50,61
"RQS ",3,50,15
"SCA ",1,50,38
"SCA ",2,50,150
"SCA ",3,50,68
"SCD ",1,50,1
"SCD ",2,50,165
"SCD ",3,50,52
"SCF ",2,50,11
"SCF ",3,50,840
"SCS ",2,50,219
"SCS ",3,50,353
"SDZ ",2,50,2
"SDZ ",3,50,11
"SES ",1,50,7
"SES ",2,50,81
"SES ",3,50,98
"SFS ",1,50,74
"SFS ",2,50,39
"SFS ",3,50,22
"SHS ",1,50,84
"SHS ",2,50,34
"SHS ",3,50,50
"SHX ",1,6,8
"SHX ",1,13,2
"SHX ",1,23,301
"SHX ",2,5,1
"SHX ",2,6,18
"SHX ",2,23,74
"SHX ",2,24,59
"SHX ",2,25,15
"SHX ",2,28,6
"SHX ",2,40,1
"SHX ",2,65,3
"SHX ",3,5,8
"SHX ",3,6,143
"SHX ",3,13,2
"SHX ",3,16,69
"SHX ",3,23,44
"SHX ",3,51,2
"SHX ",3,65,12
"SHZ ",1,50,351
"SHZ ",2,50,719
"SHZ ",3,50,282
"SJZ ",1,24,1
"SJZ ",1,50,3843
"SJZ ",2,50,546
"SJZ ",3,50,393
"SKA ",1,50,10
"SKA ",2,50,270
"SKA ",3,50,60
"SKB ",2,50,58
"SKB ",3,50,159
"SKS ",1,50,2
"SKS ",2,50,20
"SKS ",3,50,21
"SM3 ",1,24,1
"SM3 ",1,50,41
"SM3 ",2,50,890
"SM3 ",3,50,94
"SMB ",1,24,1
"SMB ",1,50,3500
"SMB ",2,50,1704
"SMB ",3,50,703
"SMD ",1,50,136
"SMD ",2,50,124
"SMD ",3,50,111
"SML ",1,24,1
"SML ",1,50,896
"SML ",2,50,641
"SML ",3,50,1311
"SMN ",1,24,1
"SMN ",1,50,204
"SMN ",2,50,643
"SMN ",3,50,187
"SMS ",1,50,679
"SMS ",2,50,609
"SMS ",3,50,157
"SMX ",2,50,259
"SMX ",3,50,38
"SMZ ",2,50,143
"SMZ ",3,50,85
"SQA ",2,50,48
"SQA ",3,50,213
"SRG ",1,6,28
"SRG ",1,13,1
"SRG ",1,16,90
"SRG ",1,23,1442
"SRG ",2,6,71
"SRG ",2,16,1
"SRG ",2,23,638
"SRG ",2,24,45
"SRG ",2,25,22
"SRG ",2,26,409
"SRG ",2,65,1
"SRG ",3,6,296
"SRG ",3,13,1
"SRG ",3,16,84
"SRG ",3,23,7
"SRG ",3,24,11
"SRG ",3,44,4
"SRG ",3,65,8
"SRP ",1,50,144
"SRP ",2,50,1520
"SRP ",3,50,511
"SRX ",1,50,102
"SRX ",2,50,44
"SRX ",3,50,32
"SWZ ",1,1,19
"SWZ ",1,51,26
"SWZ ",1,80,181
"SWZ ",1,85,312
"SWZ ",1,91,583
"SWZ ",1,110,423
"SWZ ",2,1,86
"SWZ ",2,5,1
"SWZ ",2,50,431
"SWZ ",2,51,3
"SWZ ",2,80,30
"SWZ ",2,91,493
"SWZ ",2,99,5
"SWZ ",2,185,2
"SWZ ",2,217,2
"SWZ ",2,220,3
"SWZ ",3,1,18
"SWZ ",3,5,1131
"SWZ ",3,44,46
"SWZ ",3,80,85
"SWZ ",3,84,59
"SWZ ",3,91,144
"SWZ ",3,105,1
"SWZ ",3,110,322
"SWZ ",3,204,4
"SWZ ",3,212,17
"SXA ",1,50,270
"SXA ",2,50,82
"SXA ",3,50,7
"SXZ ",1,1,3
"SXZ ",1,4,6
"SXZ ",1,6,2
"SXZ ",1,13,2
"SXZ ",1,16,15
"SXZ ",1,23,1404
"SXZ ",2,5,1
"SXZ ",2,6,7
"SXZ ",2,16,44
"SXZ ",2,23,299
"SXZ ",2,24,429
"SXZ ",2,25,91
"SXZ ",2,26,18
"SXZ ",2,40,24
"SXZ ",2,51,101
"SXZ ",2,65,12
"SXZ ",3,5,4
"SXZ ",3,13,1
"SXZ ",3,16,604
"SXZ ",3,23,9
"SXZ ",3,24,87
"SXZ ",3,51,3
"SXZ ",3,65,20
"SYA ",1,50,123
"SYA ",2,50,185
"SYA ",3,50,775
"SYS ",1,50,195
"SYS ",2,50,130
"SYS ",3,50,14
"SYX ",1,50,70
"SYX ",2,50,57
"SYX ",3,50,77
"TBZ ",1,16,5
"TBZ ",1,23,1356
"TBZ ",2,5,3
"TBZ ",2,6,30
"TBZ ",2,16,12
"TBZ ",2,23,244
"TBZ ",2,24,167
"TBZ ",2,25,266
"TBZ ",2,26,497
"TBZ ",2,28,3
"TBZ ",2,65,9
"TBZ ",3,3,8
"TBZ ",3,5,12
"TBZ ",3,6,56
"TBZ ",3,15,9
"TBZ ",3,16,486
"TBZ ",3,26,3
"TBZ ",3,29,1
"TBZ ",3,65,36
"TCB ",1,50,243
"TCB ",2,50,428
"TCB ",3,50,216
"TCS ",1,50,5
"TCS ",2,50,433
"TCS ",3,50,73
"TGZ ",2,50,267
"TGZ ",3,50,227
"THG ",1,16,2
"THG ",1,23,104
"THG ",2,16,4
"THG ",2,23,3
"THG ",2,24,10
"THG ",2,25,33
"THG ",2,65,95
"THG ",3,16,40
"THG ",3,24,9
"THG ",3,65,163
"THZ ",1,24,1
"THZ ",1,50,72
"THZ ",2,50,156
"THZ ",3,50,189
"TJZ ",1,50,60
"TJZ ",2,50,58
"TJZ ",3,50,118
"TKS ",1,50,1
"TKS ",2,50,23
"TKS ",3,50,28
"TMS ",1,4,1
"TMS ",1,5,2
"TMS ",1,13,11
"TMS ",1,16,1
"TMS ",1,23,1103
"TMS ",2,5,2
"TMS ",2,6,5
"TMS ",2,16,1
"TMS ",2,23,136
"TMS ",2,24,69
"TMS ",2,25,417
"TMS ",2,26,111
"TMS ",2,28,6
"TMS ",2,65,66
"TMS ",3,3,4
"TMS ",3,5,8
"TMS ",3,6,4
"TMS ",3,13,8
"TMS ",3,16,104
"TMS ",3,65,7
"TNZ ",1,50,785
"TNZ ",2,50,2671
"TNZ ",3,50,508
"TQA ",1,50,4
"TQA ",2,50,75
"TQA ",3,50,32
"TQZ ",1,50,1735
"TQZ ",2,50,1309
"TQZ ",3,50,252
"TSF ",2,50,8
"TSF ",3,50,452
"TSK ",2,50,499
"TSK ",3,50,192
"TSS ",1,24,6
"TSS ",1,50,645
"TSS ",2,50,418
"TSS ",3,50,395
"TYZ ",1,50,1
"TYZ ",2,50,78
"TYZ ",3,50,81
"WAZ ",1,6,6
"WAZ ",1,16,4
"WAZ ",1,23,212
"WAZ ",2,6,13
"WAZ ",2,23,80
"WAZ ",2,24,68
"WAZ ",2,25,58
"WAZ ",2,51,1
"WAZ ",2,65,18
"WAZ ",3,6,193
"WAZ ",3,16,82
"WAZ ",3,24,2
"WAZ ",3,65,317
"WCZ ",1,24,1
"WCZ ",1,50,1
"WCZ ",2,50,177
"WCZ ",3,50,176
"WFX ",1,4,1
"WFX ",1,16,1
"WFX ",1,23,665
"WFX ",2,5,1
"WFX ",2,6,5
"WFX ",2,23,382
"WFX ",2,24,98
"WFX ",2,25,88
"WFX ",2,26,36
"WFX ",2,65,1757
"WFX ",3,4,2
"WFX ",3,5,7
"WFX ",3,6,3
"WFX ",3,16,4
"WFX ",3,23,2
"WFX ",3,24,1
"WFZ ",1,50,340
"WFZ ",2,50,544
"WFZ ",3,50,344
"WHZ ",2,50,37
"WHZ ",3,50,26
"WJ3 ",2,25,114
"WJ3 ",3,6,1
"WJ3 ",3,16,5
"WJ3 ",3,26,1
"WJ3 ",3,65,337
"WJ4 ",1,16,231
"WJ4 ",2,5,6
"WJ4 ",2,6,1
"WJ4 ",2,16,3
"WJ4 ",2,25,94
"WJ4 ",2,65,1
"WJ4 ",3,5,18
"WJ4 ",3,6,36
"WJ4 ",3,16,18
"WJ4 ",3,25,1
"WJ4 ",3,26,2
"WJ4 ",3,65,12
"WJJ ",1,50,1438
"WJJ ",2,50,413
"WJJ ",3,50,221
"WJZ ",1,6,61
"WJZ ",1,15,96
"WJZ ",1,18,2
"WJZ ",1,23,28
"WJZ ",1,51,3
"WJZ ",2,4,5
"WJZ ",2,5,4
"WJZ ",2,6,19
"WJZ ",2,18,4
"WJZ ",2,23,39
"WJZ ",2,24,34
"WJZ ",2,27,5
"WJZ ",2,28,1
"WJZ ",2,50,25
"WJZ ",2,51,2
"WJZ ",3,6,25
"WJZ ",3,13,8
"WJZ ",3,15,50
"WJZ ",3,18,41
"WJZ ",3,23,19
"WJZ ",3,24,2
"WJZ ",3,29,8
"WLF ",2,50,52
"WLF ",3,50,42
"WMS ",1,50,7
"WMS ",2,50,96
"WMS ",3,50,41
"WNA ",1,50,1
"WNA ",2,50,414
"WNA ",3,50,229
"WNZ ",1,50,89
"WNZ ",2,50,107
"WNZ ",3,50,63
"WPZ ",1,50,47
"WPZ ",2,50,95
"WPZ ",3,50,40
"WQJ ",1,50,22
"WQJ ",2,50,590
"WQJ ",3,50,143
"WTS ",1,50,1
"WTS ",2,50,108
"WTS ",3,50,25
"WYB ",1,50,674
"WYB ",2,50,458
"WYB ",3,50,84
"WYD ",1,50,706
"WYD ",2,50,357
"WYD ",3,50,99
"WYH ",1,50,577
"WYH ",2,50,494
"WYH ",3,50,122
"WYS ",2,50,46
"WYS ",3,50,89
"WYX ",2,50,9
"WYX ",3,50,8
"WYZ ",1,24,1
"WYZ ",1,50,8
"WYZ ",2,50,764
"WYZ ",3,50,335
"WZZ ",2,50,18
"WZZ ",3,50,41
"X1C ",1,50,21
"X1C ",2,50,265
"X1C ",3,50,786
"X23 ",1,50,7
"X23 ",2,50,485
"X23 ",3,50,385
"X2S ",1,50,205
"X2S ",2,50,159
"X2S ",3,50,2828
"X48 ",1,50,587
"X48 ",2,50,330
"X48 ",3,50,773
"X5C ",2,50,228
"X5C ",3,50,405
"X6C ",2,50,506
"X6C ",3,50,210
"X7C ",1,50,13
"X7C ",2,50,419
"X7C ",3,50,785
"XAA ",1,50,62
"XAA ",2,50,124
"XAA ",3,50,268
"XAF ",1,50,351
"XAF ",2,50,476
"XAF ",3,50,505
"XAG ",1,6,6
"XAG ",1,23,92
"XAG ",2,6,20
"XAG ",2,23,16
"XAG ",2,24,36
"XAG ",2,25,37
"XAG ",2,65,4
"XAG ",3,6,202
"XAG ",3,16,45
"XAG ",3,24,3
"XAG ",3,44,20
"XAG ",3,65,109
"XAS ",1,50,3
"XAS ",2,50,129
"XAS ",3,50,17
"XBD ",1,24,1
"XBD ",1,50,362
"XBD ",2,50,1478
"XBD ",3,50,1353
"XBE ",1,5,1
"XBE ",1,23,62
"XBE ",2,6,16
"XBE ",2,16,3
"XBE ",2,23,112
"XBE ",2,24,83
"XBE ",2,25,16
"XBE ",2,27,2
"XBE ",2,28,2
"XBE ",2,51,60
"XBE ",2,65,1
"XBE ",3,6,48
"XBE ",3,16,13
"XBE ",3,44,40
"XBE ",3,51,4
"XBE ",3,65,4
"XBK ",1,50,206
"XBK ",2,50,172
"XBK ",3,50,116
"XBY ",2,5,1
"XBY ",2,6,34
"XBY ",2,23,1426
"XBY ",2,24,1286
"XBY ",2,25,58
"XBY ",2,26,291
"XBY ",2,51,15
"XBY ",2,65,2
"XBY ",3,3,35
"XBY ",3,5,1
"XBY ",3,6,18
"XBY ",3,16,7
"XBY ",3,20,6
"XBY ",3,23,2
"XBY ",3,26,3
"XBY ",3,44,5
"XBY ",3,51,6
"XCA ",1,50,38
"XCA ",2,50,64
"XCA ",3,50,74
"XCC ",1,24,1
"XCC ",1,50,340
"XCC ",2,50,2361
"XCC ",3,50,41451
"XCF ",1,1,92
"XCF ",1,24,1
"XCF ",1,80,2
"XCF ",1,110,1
"XCF ",2,1,58
"XCF ",2,5,2
"XCF ",2,50,9
"XCF ",3,1,6
"XCF ",3,13,9
"XCF ",3,50,24
"XCF ",3,99,215
"XCF ",3,101,300
"XCF ",3,110,5
"XCF ",3,204,2
"XCK ",2,50,140
"XCK ",3,50,233
"XCS ",1,50,1636
"XCS ",2,50,2671
"XCS ",3,50,12677
"XCZ ",1,50,1
"XCZ ",2,50,50
"XCZ ",3,50,78
"XDA ",2,50,17
"XDA ",3,50,991
"XDX ",2,50,86
"XDX ",3,50,220
"XES ",2,1,234
"XES ",2,5,4
"XES ",2,13,256
"XES ",2,25,368
"XES ",2,50,22
"XES ",3,5,48
"XES ",3,6,24
"XES ",3,50,109
"XFA ",1,50,18
"XFA ",2,50,456
"XFA ",3,50,530
"XFD ",1,24,1
"XFD ",1,50,2
"XFD ",2,50,74
"XFD ",3,50,272
"XFS ",2,50,228
"XFS ",3,50,273
"XFX ",1,6,21
"XFX ",1,23,337
"XFX ",2,6,85
"XFX ",2,16,1
"XFX ",2,23,21
"XFX ",2,24,43
"XFX ",2,25,31
"XFX ",2,26,18
"XFX ",3,6,895
"XFX ",3,16,31
"XFX ",3,24,12
"XFX ",3,25,1
"XFX ",3,26,2
"XFX ",3,51,2
"XFX ",3,65,56
"XFZ ",1,1,4
"XFZ ",1,90,104
"XFZ ",1,91,11
"XFZ ",1,99,67
"XFZ ",1,104,404
"XFZ ",1,110,44
"XFZ ",2,5,3
"XFZ ",2,80,12
"XFZ ",2,90,374
"XFZ ",2,91,41
"XFZ ",2,182,1
"XFZ ",2,211,124
"XFZ ",3,1,8
"XFZ ",3,80,36
"XFZ ",3,90,9
"XFZ ",3,104,4
"XFZ ",3,110,86
"XFZ ",3,204,60
"XFZ ",3,212,1
"XGD ",1,6,6
"XGD ",1,16,2
"XGD ",1,23,52
"XGD ",2,6,18
"XGD ",2,16,6
"XGD ",2,23,4
"XGD ",2,24,9
"XGD ",2,25,50
"XGD ",2,40,2
"XGD ",3,6,196
"XGD ",3,16,38
"XGD ",3,24,4
"XGD ",3,25,1
"XGD ",3,26,3
"XGD ",3,51,1
"XGD ",3,65,28
"XGI ",2,50,40
"XGI ",3,50,9
"XGN ",2,50,96
"XGN ",3,50,65
"XGS ",1,50,2
"XGS ",2,50,120
"XGS ",3,50,136
"XGX ",1,16,6
"XGX ",1,23,383
"XGX ",2,5,1
"XGX ",2,6,3
"XGX ",2,16,5
"XGX ",2,23,88
"XGX ",2,24,126
"XGX ",2,25,76
"XGX ",2,26,6
"XGX ",2,51,1
"XGX ",2,65,1
"XGX ",3,5,6
"XGX ",3,6,6
"XGX ",3,16,121
"XGX ",3,26,1
"XGX ",3,44,22
"XGX ",3,51,1
"XGX ",3,65,19
"XGZ ",1,24,13
"XGZ ",1,50,38
"XGZ ",2,50,450
"XGZ ",3,50,548
"XH1 ",2,50,21
"XH1 ",3,50,563
"XH2 ",2,50,174
"XH2 ",3,50,1275
"XHZ ",1,50,83
"XHZ ",2,50,250
"XHZ ",3,50,70
"XJP ",1,50,21
"XJP ",2,50,466
"XJP ",3,50,509
"XJS ",1,50,31
"XJS ",2,50,100
"XJS ",3,50,8
"XJT ",2,50,170
"XJT ",3,50,110
"XKS ",1,24,1
"XKS ",1,50,168
"XKS ",2,50,276
"XKS ",3,50,190
"XLS ",1,50,475
"XLS ",2,50,534
"XLS ",3,50,535
"XMF ",1,50,602
"XMF ",2,50,1291
"XMF ",3,50,596
"XMI ",1,50,18
"XMI ",2,50,169
"XMI ",3,50,68
"XMK ",2,50,8
"XMK ",3,50,38
"XMZ ",1,50,233
"XMZ ",2,50,410
"XMZ ",3,50,425
"XNS ",2,50,55
"XNS ",3,50,18
"XP8 ",2,50,1254
"XP8 ",3,50,371
"XP9 ",1,50,15
"XP9 ",2,50,854
"XP9 ",3,50,252
"XPS ",2,50,69
"XPS ",3,50,66
"XPX ",1,6,2
"XPX ",1,23,134
"XPX ",2,5,2
"XPX ",2,6,7
"XPX ",2,23,6
"XPX ",2,24,4
"XPX ",3,5,12
"XPX ",3,6,14
"XPX ",3,16,33
"XPX ",3,24,3
"XPX ",3,65,22
"XPZ ",1,4,1
"XPZ ",1,13,8
"XPZ ",1,16,18
"XPZ ",1,23,1792
"XPZ ",2,5,10
"XPZ ",2,6,78
"XPZ ",2,23,297
"XPZ ",2,24,270
"XPZ ",2,25,182
"XPZ ",2,26,14
"XPZ ",2,28,1
"XPZ ",2,40,21
"XPZ ",2,65,1
"XPZ ",3,3,8
"XPZ ",3,4,3
"XPZ ",3,5,32
"XPZ ",3,6,25
"XPZ ",3,13,8
"XPZ ",3,15,22
"XPZ ",3,16,53
"XPZ ",3,23,10
"XPZ ",3,25,1
"XPZ ",3,26,1
"XPZ ",3,29,2
"XPZ ",3,65,7
"XQA ",2,50,168
"XQA ",3,50,300
"XQB ",1,50,28
"XQB ",2,50,156
"XQB ",3,50,787
"XQF ",1,1,11
"XQF ",1,24,1
"XQF ",1,99,20
"XQF ",1,110,4
"XQF ",2,1,24
"XQF ",2,28,13
"XQF ",2,50,1
"XQF ",2,99,1
"XQF ",3,1,2
"XQF ",3,50,35
"XQF ",3,99,2
"XQF ",3,101,192
"XSS ",1,50,29
"XSS ",2,50,72
"XSS ",3,50,8
"XSX ",2,50,33
"XSX ",3,50,84
"XTW ",2,50,112
"XTW ",3,50,1119
"XTZ ",1,50,21
"XTZ ",2,50,1089
"XTZ ",3,50,1418
"XWS ",2,50,106
"XWS ",3,50,9
"XXF ",1,50,2563
"XXF ",2,50,2188
"XXF ",3,50,3438
"XXT ",2,50,8
"XXT ",3,50,65
"XYB ",1,5,2
"XYB ",1,13,2
"XYB ",1,16,24
"XYB ",1,23,558
"XYB ",2,5,5
"XYB ",2,6,16
"XYB ",2,16,9
"XYB ",2,23,230
"XYB ",2,24,4
"XYB ",2,25,107
"XYB ",2,26,628
"XYB ",2,27,8
"XYB ",2,65,17
"XYB ",3,5,32
"XYB ",3,6,44
"XYB ",3,13,2
"XYB ",3,16,114
"XYB ",3,24,10
"XYB ",3,25,1
"XYB ",3,26,1
"XYB ",3,65,39
"XYF ",1,24,1
"XYF ",1,50,1231
"XYF ",2,50,1352
"XYF ",3,50,75
"XYS ",1,50,1
"XYS ",2,50,48
"XYS ",3,50,81
"XYZ ",1,50,418
"XYZ ",2,50,1144
"XYZ ",3,50,869
"YAN ",1,50,303
"YAN ",2,50,1478
"YAN ",3,50,884
"YAS ",1,50,1896
"YAS ",2,50,434
"YAS ",3,50,87
"YAZ ",1,50,8505
"YAZ ",2,50,286
"YAZ ",3,50,525
"YCC ",1,24,3
"YCC ",1,50,391
"YCC ",2,50,661
"YCC ",3,50,3239
"YCG ",1,16,11
"YCG ",1,20,2
"YCG ",1,23,844
"YCG ",2,5,4
"YCG ",2,6,13
"YCG ",2,16,3
"YCG ",2,23,185
"YCG ",2,25,50
"YCG ",2,26,563
"YCG ",2,28,2
"YCG ",2,40,4
"YCG ",2,65,186
"YCG ",3,5,27
"YCG ",3,6,28
"YCG ",3,16,85
"YCG ",3,23,4
"YCG ",3,24,4
"YCG ",3,29,1
"YCP ",1,24,4
"YCP ",1,50,672
"YCP ",2,50,2122
"YCP ",3,50,53292
"YCS ",1,50,364
"YCS ",2,50,254
"YCS ",3,50,474
"YCX ",1,24,6
"YCX ",1,50,1106
"YCX ",2,50,2475
"YCX ",3,50,6811
"YCZ ",1,50,34
"YCZ ",2,50,52
"YCZ ",3,50,16
"YDB ",1,50,110
"YDB ",2,50,91
"YDB ",3,50,3
"YDC ",2,50,126
"YDC ",3,50,98
"YDH ",3,50,462
"YDJ ",1,50,213
"YDJ ",2,50,208
"YDJ ",3,50,38
"YDP ",1,24,2
"YDP ",1,50,2
"YDP ",2,50,204
"YDP ",3,50,43
"YDZ ",1,50,2
"YDZ ",2,50,18
"YDZ ",3,50,12
"YES ",1,50,8
"YES ",2,50,150
"YES ",3,50,281
"YFS ",1,50,1
"YFS ",2,50,101
"YFS ",3,50,34
"YFZ ",2,50,22
"YFZ ",3,50,43
"YGZ ",1,50,20
"YGZ ",2,50,344
"YGZ ",3,50,30
"YJL ",1,50,4
"YJL ",2,50,283
"YJL ",3,50,1606
"YJS ",1,50,1776
"YJS ",2,50,453
"YJS ",3,50,172
"YJZ ",1,50,6
"YJZ ",2,50,76
"YJZ ",3,50,20
"YKZ ",1,50,572
"YKZ ",2,50,594
"YKZ ",3,50,741
"YLS ",1,24,1
"YLS ",2,50,38
"YLS ",3,50,36
"YNX ",1,50,65
"YNX ",2,50,76
"YNX ",3,50,67
"YOS ",1,50,2
"YOS ",2,50,91
"YOS ",3,50,112
"YPD ",1,50,1
"YPD ",2,50,46
"YPD ",3,50,106
"YPS ",1,50,85
"YPS ",2,50,186
"YPS ",3,50,140
"YPX ",1,50,221
"YPX ",2,50,687
"YPX ",3,50,65
"YPZ ",1,50,1
"YPZ ",2,50,185
"YPZ ",3,50,409
"YQZ ",1,50,479
"YQZ ",2,50,276
"YQZ ",3,50,106
"YSB ",1,50,195
"YSB ",2,50,760
"YSB ",3,50,612
"YSL ",1,50,22
"YSL ",2,50,137
"YSL ",3,50,64
"YSN ",1,16,55
"YSN ",1,23,736
"YSN ",2,16,15
"YSN ",2,23,372
"YSN ",2,25,29
"YSN ",2,65,7
"YSN ",3,16,17
"YSN ",3,23,1
"YSN ",3,24,13
"YSN ",3,29,56
"YSN ",3,65,4
"YSZ ",1,50,16
"YSZ ",2,50,350
"YSZ ",3,50,309
"YT3 ",1,50,685
"YT3 ",2,50,1249
"YT3 ",3,50,368
"YTA ",1,50,3
"YTA ",2,50,120
"YTA ",3,50,40
"YTB ",1,13,1
"YTB ",1,16,20
"YTB ",1,23,1684
"YTB ",2,5,8
"YTB ",2,6,21
"YTB ",2,16,8
"YTB ",2,23,464
"YTB ",3,5,49
"YTB ",3,6,60
"YTB ",3,13,1
"YTB ",3,16,19
"YTB ",3,23,184
"YTB ",3,44,4
"YTB ",3,65,8
"YTE ",1,50,5
"YTE ",2,50,451
"YTE ",3,50,1860
"YTH ",1,24,1
"YTH ",1,50,2201
"YTH ",2,50,1282
"YTH ",3,50,102
"YTI ",1,50,10
"YTI ",2,50,612
"YTI ",3,50,49
"YTN ",1,50,201
"YTN ",2,50,415
"YTN ",3,50,104
"YTW ",1,50,21
"YTW ",2,50,302
"YTW ",3,50,277
"YTX ",1,50,26
"YTX ",2,50,130
"YTX ",3,50,11
"YTZ ",1,50,19
"YTZ ",2,50,476
"YTZ ",3,50,308
"YXC ",1,50,2542
"YXC ",2,50,1431
"YXC ",3,50,1037
"YXF ",1,50,506
"YXF ",2,50,731
"YXF ",3,50,460
"YXH ",2,50,19
"YXH ",3,50,8
"YXS ",1,50,5
"YXS ",2,50,92
"YXS ",3,50,83
"YXT ",1,50,1
"YXT ",2,50,202
"YXT ",3,50,66
"YXZ ",1,50,1842
"YXZ ",2,50,1874
"YXZ ",3,50,1516
"YYA ",2,50,119
"YYA ",3,50,85
"YYJ ",1,50,2
"YYJ ",2,50,93
"YYJ ",3,50,37
"YYP ",1,50,139
"YYP ",2,50,238
"YYP ",3,50,85
"YYZ ",1,5,1
"YYZ ",1,16,27
"YYZ ",1,23,91
"YYZ ",2,5,1
"YYZ ",2,6,6
"YYZ ",2,16,35
"YYZ ",2,23,11
"YYZ ",2,25,133
"YYZ ",2,65,9
"YYZ ",3,5,6
"YYZ ",3,6,12
"YYZ ",3,16,64
"YYZ ",3,24,1
"YZJ ",1,50,2
"YZJ ",2,50,216
"YZJ ",3,50,317
"YZZ ",1,50,1
"YZZ ",2,50,161
"YZZ ",3,50,97
"Z1F ",1,50,158
"Z1F ",2,50,312
"Z1F ",3,50,30
"Z1Z ",1,50,29
"Z1Z ",2,50,84
"Z1Z ",3,50,163
"Z2F ",1,50,154
"Z2F ",2,50,299
"Z2F ",3,50,139
"Z2Z ",1,50,14
"Z2Z ",2,50,50
"Z2Z ",3,50,50
"Z3F ",1,50,2646
"Z3F ",2,50,230
"Z3F ",3,50,459
"Z3Z ",1,50,2
"Z3Z ",2,50,36
"Z3Z ",3,50,95
"Z4F ",1,50,228
"Z4F ",2,50,1171
"Z4F ",3,50,79
"Z4Z ",1,50,38
"Z4Z ",2,50,244
"Z4Z ",3,50,1001
"Z6F ",1,50,14
"Z6F ",2,50,69
"Z6F ",3,50,374
"Z7F ",1,50,26
"Z7F ",2,50,205
"Z7F ",3,50,51
"ZAS ",1,50,11
"ZAS ",2,50,73
"ZAS ",3,50,72
"ZAZ ",1,24,1
"ZAZ ",1,50,8716
"ZAZ ",2,50,453
"ZAZ ",3,50,367
"ZCZ ",2,50,64
"ZCZ ",3,50,23
"ZDG ",1,6,8
"ZDG ",1,23,193
"ZDG ",2,6,18
"ZDG ",2,16,2
"ZDG ",2,23,2
"ZDG ",2,24,19
"ZDG ",2,25,38
"ZDG ",2,40,4
"ZDG ",3,6,209
"ZDG ",3,16,75
"ZDG ",3,24,2
"ZDG ",3,25,1
"ZDG ",3,26,2
"ZDG ",3,27,1
"ZDG ",3,51,2
"ZDG ",3,65,216
"ZDL ",1,50,1
"ZDL ",2,50,25
"ZDL ",3,50,10
"ZFS ",1,1,10
"ZFS ",1,5,2
"ZFS ",1,24,1
"ZFS ",1,50,2
"ZFS ",1,99,5
"ZFS ",1,110,1
"ZFS ",2,1,44
"ZFS ",2,5,4
"ZFS ",2,28,18
"ZFS ",2,50,391
"ZFS ",2,80,1
"ZFS ",2,81,1
"ZFS ",2,99,7
"ZFS ",3,5,1282
"ZFS ",3,9,25
"ZFS ",3,13,4
"ZFS ",3,50,22
"ZFS ",3,80,3
"ZFS ",3,101,223
"ZFS ",3,110,1
"ZFS ",3,200,2
"ZFS ",3,204,49
"ZHB ",2,50,56
"ZHB ",3,50,66
"ZHS ",1,50,533
"ZHS ",2,50,317
"ZHS ",3,50,81
"ZJ2 ",1,5,2
"ZJ2 ",1,6,1
"ZJ2 ",1,13,1
"ZJ2 ",1,16,2
"ZJ2 ",2,6,35
"ZJ2 ",2,25,2700
"ZJ2 ",2,26,2988
"ZJ2 ",3,6,5
"ZJ2 ",3,13,1
"ZJ2 ",3,16,537
"ZJ3 ",1,16,5
"ZJ3 ",2,5,8
"ZJ3 ",2,6,32
"ZJ3 ",2,16,2
"ZJ3 ",2,25,227
"ZJ3 ",2,26,874
"ZJ3 ",2,28,36
"ZJ3 ",2,65,29
"ZJ3 ",3,5,31
"ZJ3 ",3,16,162
"ZJ3 ",3,25,3
"ZJ3 ",3,26,1
"ZJ4 ",2,25,30
"ZJ4 ",2,26,14
"ZJ4 ",2,28,1
"ZJ4 ",2,65,1
"ZJ4 ",3,16,6
"ZJ5 ",2,5,2
"ZJ5 ",2,6,8
"ZJ5 ",2,16,10
"ZJ5 ",2,25,98
"ZJ5 ",2,26,370
"ZJ5 ",2,65,20
"ZJ5 ",3,5,8
"ZJ5 ",3,16,917
"ZJ5 ",3,65,196
"ZJ6 ",1,5,1
"ZJ6 ",1,16,9
"ZJ6 ",2,5,4
"ZJ6 ",2,6,36
"ZJ6 ",2,16,6
"ZJ6 ",2,25,207
"ZJ6 ",2,26,25
"ZJ6 ",2,65,28
"ZJ6 ",3,5,16
"ZJ6 ",3,6,57
"ZJ6 ",3,16,422
"ZJ6 ",3,65,1
"ZJ7 ",1,16,1
"ZJ7 ",2,5,1
"ZJ7 ",2,6,4
"ZJ7 ",2,25,66
"ZJ7 ",2,26,12
"ZJ7 ",2,65,3
"ZJ7 ",3,5,7
"ZJ7 ",3,14,2
"ZJ7 ",3,16,106
"ZJ7 ",3,65,4
"ZJS ",2,50,378
"ZJS ",3,50,120
"ZLE ",1,23,190
"ZLE ",2,5,1
"ZLE ",2,23,33
"ZLE ",3,3,24
"ZLE ",3,5,7
"ZLE ",3,6,3
"ZLE ",3,15,1238
"ZLK ",2,5,1
"ZLK ",2,6,15
"ZLK ",3,5,10
"ZLK ",3,6,6
"ZLS ",1,13,2
"ZLS ",1,23,655
"ZLS ",2,5,2
"ZLS ",2,6,6
"ZLS ",2,23,193
"ZLS ",2,24,24
"ZLS ",2,25,26
"ZLS ",2,65,6
"ZLS ",3,3,3
"ZLS ",3,5,14
"ZLS ",3,6,6
"ZLS ",3,13,2
"ZLS ",3,15,627
"ZLS ",3,16,11
"ZLS ",3,23,2
"ZLS ",3,65,31
"ZLX ",1,13,2
"ZLX ",1,16,6
"ZLX ",1,23,351
"ZLX ",2,5,1
"ZLX ",2,6,13
"ZLX ",2,16,1
"ZLX ",2,23,490
"ZLX ",2,24,63
"ZLX ",2,28,7
"ZLX ",2,65,2
"ZLX ",3,3,4
"ZLX ",3,4,1
"ZLX ",3,5,7
"ZLX ",3,6,4
"ZLX ",3,13,2
"ZLX ",3,16,37
"ZLX ",3,23,32
"ZLY ",1,4,10
"ZLY ",1,13,2
"ZLY ",1,23,1403
"ZLY ",2,5,1
"ZLY ",2,6,11
"ZLY ",2,16,13
"ZLY ",2,23,1010
"ZLY ",2,24,70
"ZLY ",2,25,20
"ZLY ",2,40,32
"ZLY ",2,65,111
"ZLY ",3,3,16
"ZLY ",3,4,3
"ZLY ",3,5,7
"ZLY ",3,6,211
"ZLY ",3,13,2
"ZLY ",3,15,841
"ZLY ",3,16,2
"ZLY ",3,23,113
"ZLY ",3,24,2
"ZLY ",3,25,1
"ZNZ ",1,50,115
"ZNZ ",2,50,77
"ZNZ ",3,50,6
"ZOS ",1,50,4
"ZOS ",2,50,28
"ZOS ",3,50,85
"ZPS ",1,1,30
"ZPS ",1,6,3
"ZPS ",1,15,120
"ZPS ",1,23,1019
"ZPS ",1,51,9
"ZPS ",2,1,304
"ZPS ",2,5,1
"ZPS ",2,6,6
"ZPS ",2,23,1576
"ZPS ",2,24,4
"ZPS ",2,50,24
"ZPS ",3,1,100
"ZPS ",3,4,1
"ZPS ",3,14,4
"ZPS ",3,15,117
"ZPS ",3,23,199
"ZPS ",3,24,1
"ZPS ",3,29,39
"ZPX ",1,50,74
"ZPX ",2,50,255
"ZPX ",3,50,958
"ZPZ ",1,50,952
"ZPZ ",2,50,231
"ZPZ ",3,50,130
"ZSD ",1,50,1
"ZSD ",2,50,413
"ZSD ",3,50,396
"ZSS ",1,50,29
"ZSS ",2,50,124
"ZSS ",3,50,17
"ZSZ ",1,50,1
"ZSZ ",2,50,338
"ZSZ ",3,50,130
"ZTS ",1,50,170
"ZTS ",2,50,97
"ZTS ",3,50,110
"ZTZ ",1,24,4
"ZTZ ",2,50,44
"ZTZ ",3,50,29
"ZWZ ",1,50,382
"ZWZ ",2,50,231
"ZWZ ",3,50,44
"ZXA ",1,50,1
"ZXA ",2,50,213
"ZXA ",3,50,344
"ZXS ",1,50,21
"ZXS ",2,50,39
"ZXS ",3,50,120
"ZXZ ",1,50,976
"ZXZ ",2,50,1407
"ZXZ ",3,50,612
"ZYS ",1,50,3
"ZYS ",1,99,10
"ZYS ",2,1,7
"ZYS ",2,28,7
"ZYS ",2,50,15
"ZYS ",2,99,2
"ZYS ",3,1,3
"ZYS ",3,50,15
"ZYS ",3,99,2
"ZYS ",3,101,368
"ZYS ",3,110,18
"ZYS ",3,204,435
"ZZB ",1,50,1
"ZZB ",2,50,46
"ZZB ",3,50,9
"ZZC ",2,5,2
"ZZC ",2,6,150
"ZZC ",2,24,1
"ZZC ",2,28,1
"ZZD ",1,24,6
"ZZD ",2,50,476
"ZZD ",3,50,112
"ZZK ",2,5,1
"ZZK ",2,6,36
"ZZK ",3,5,10
"ZZK ",3,6,6
"ZZZ ",1,4,3
"ZZZ ",1,13,5
"ZZZ ",1,15,10
"ZZZ ",1,16,1
"ZZZ ",1,23,1532
"ZZZ ",1,24,1
"ZZZ ",2,5,1
"ZZZ ",2,6,42
"ZZZ ",2,16,37
"ZZZ ",2,23,1309
"ZZZ ",2,24,1770
"ZZZ ",2,25,44
"ZZZ ",2,40,82
"ZZZ ",2,51,242
"ZZZ ",2,65,11
"ZZZ ",3,4,46
"ZZZ ",3,5,1
"ZZZ ",3,6,18
"ZZZ ",3,13,15
"ZZZ ",3,14,2
"ZZZ ",3,15,184
"ZZZ ",3,16,86
"ZZZ ",3,23,100
"ZZZ ",3,24,23
"ZZZ ",3,26,1
"ZZZ ",3,29,9
"ZZZ ",3,51,13
"ZZZ ",3,65,199
