"TELENAME","ALARMTYPE","DEVICETYPE","CNT"
"12H ",50,16,118
"12H ",54,16,273
"12H ",113,6,6
"12H ",113,16,136
"12H ",113,65,8
"12H ",201,25,131
"12H ",210,6,5
"12H ",219,65,69
"A15 ",113,5,12
"A15 ",113,6,21
"A15 ",113,65,6
"A15 ",139,5,3
"A15 ",201,25,70
"A15 ",210,6,12
"A16 ",50,26,6
"A16 ",113,5,12
"A16 ",113,16,12
"A16 ",113,65,14
"A16 ",139,5,3
"A16 ",201,25,67
"A16 ",219,65,1
"A17 ",50,26,46
"A17 ",113,5,12
"A17 ",113,16,16
"A17 ",139,5,3
"A17 ",201,25,142
"A17 ",219,65,4
"A19 ",49,50,54
"A19 ",50,50,2
"A19 ",113,50,207
"A19 ",125,50,3
"A19 ",139,50,3
"A19 ",201,50,19
"A19 ",210,50,61
"A19 ",219,50,3
"A19 ",224,50,22
"A20 ",49,50,90
"A20 ",50,50,3
"A20 ",113,50,94
"A20 ",125,50,4
"A20 ",139,50,3
"A20 ",201,50,21
"A20 ",210,50,15
"A20 ",219,50,4
"A20 ",224,50,25
"A21 ",49,50,6
"A21 ",50,50,2
"A21 ",113,50,713
"A21 ",125,50,68
"A21 ",139,50,5
"A21 ",201,50,30
"A21 ",210,50,50
"A21 ",219,50,1
"A21 ",224,50,45
"A22 ",50,50,3
"A22 ",113,50,10
"A22 ",201,50,29
"A22 ",219,50,2
"A22 ",224,50,50
"A23 ",50,50,1
"A23 ",113,50,36
"A23 ",201,50,32
"A23 ",219,50,2
"A23 ",224,50,47
"A24 ",113,50,17
"A24 ",125,50,19
"A24 ",201,50,4
"A25 ",49,50,5
"A25 ",50,50,1
"A25 ",113,50,17
"A25 ",201,50,13
"A25 ",219,50,1
"A25 ",224,50,20
"AJZ ",88,50,2
"AJZ ",113,50,9
"ALL ",56,50,1
"ALL ",113,50,19
"ALL ",125,50,207
"ALL ",132,50,13
"ALL ",138,50,1
"ALL ",150,50,5
"ALL ",200,50,17
"ALL ",210,50,2
"ALL ",215,50,15
"ALL ",223,50,21
"AXD ",50,50,4
"AXD ",53,50,474
"AXD ",55,50,1
"AXD ",113,50,99
"AXD ",125,50,16
"AXD ",138,50,32
"AXD ",150,50,167
"AXD ",163,24,2
"AXD ",200,50,123
"AXD ",210,50,2
"AXD ",215,50,18
"AXD ",219,50,79
"AXD ",223,50,61
"AXD ",224,50,265
"BDZ ",53,50,21
"BDZ ",84,50,2
"BDZ ",92,50,5
"BDZ ",113,50,41
"BDZ ",124,50,79
"BDZ ",125,50,1
"BDZ ",132,50,1
"BDZ ",133,50,1
"BDZ ",139,50,7
"BDZ ",141,50,1
"BDZ ",150,50,295
"BDZ ",163,24,2
"BDZ ",210,50,9
"BDZ ",219,50,5
"BDZ ",223,50,3
"BDZ ",228,50,16
"BJA ",113,50,158
"BJA ",132,50,3
"BJA ",150,50,141
"BJJ ",49,50,46
"BJJ ",50,50,158
"BJJ ",113,50,29075
"BJJ ",125,50,56
"BJJ ",130,50,10
"BJJ ",132,50,47
"BJJ ",133,50,14
"BJJ ",135,50,13
"BJJ ",136,50,56
"BJJ ",138,50,69
"BJJ ",139,50,10
"BJJ ",140,50,1
"BJJ ",141,50,47
"BJJ ",150,50,181
"BJJ ",200,50,459
"BJJ ",207,50,38
"BJJ ",209,50,87
"BJJ ",210,50,209
"BJJ ",219,50,101
"BJJ ",223,50,448
"BJJ ",224,50,195
"BJJ ",228,50,182
"BJZ ",49,50,68
"BJZ ",84,50,1
"BJZ ",113,50,7990
"BJZ ",125,50,84
"BJZ ",130,50,2
"BJZ ",132,50,34
"BJZ ",133,50,4
"BJZ ",135,50,2
"BJZ ",138,50,462
"BJZ ",139,50,35
"BJZ ",140,50,2
"BJZ ",150,50,96
"BJZ ",162,50,3
"BJZ ",163,24,2
"BJZ ",200,50,48
"BJZ ",210,50,75
"BJZ ",219,50,1
"BJZ ",223,50,132
"BJZ ",224,50,71
"BJZ ",228,50,70
"BKF ",113,50,78
"BKF ",139,50,4
"BRF ",113,50,1918
"BRF ",124,50,3
"BRF ",125,50,2
"BRF ",132,50,12
"BRF ",133,50,18
"BRF ",135,50,2
"BRF ",139,50,32
"BRF ",140,50,9
"BRF ",150,50,57
"BRF ",162,50,8
"BRF ",210,50,60
"BRF ",228,50,27
"BSH ",113,50,83
"BSH ",125,50,2
"BSH ",133,50,6
"BSH ",135,50,2
"BSH ",139,50,12
"BSH ",150,50,66
"BSH ",162,50,5
"BSH ",210,50,19
"BSQ ",113,50,3
"BSQ ",124,50,1
"BSQ ",132,50,3
"BSQ ",133,50,6
"BSQ ",139,50,1
"BSQ ",210,50,5
"BSZ ",113,50,21
"BSZ ",150,50,18
"BTZ ",113,50,17
"BTZ ",124,50,1
"BTZ ",125,50,1
"BTZ ",133,50,3
"BTZ ",139,50,4
"BTZ ",150,50,23
"BTZ ",200,50,15
"BTZ ",210,50,7
"BXS ",50,16,3
"BXS ",113,5,4
"BXS ",113,6,9
"BXS ",113,16,18
"BXS ",113,65,6
"BXS ",132,3,16
"BXS ",139,5,1
"BXS ",154,16,3
"BXS ",201,25,40
"BXS ",210,6,21
"BXS ",219,65,14
"BYZ ",113,50,426
"BYZ ",124,50,3
"BYZ ",125,50,158
"BYZ ",132,50,38
"BYZ ",133,50,12
"BYZ ",139,50,8
"BYZ ",140,50,1
"BYZ ",150,50,107
"BYZ ",162,50,4
"BYZ ",200,50,20
"BYZ ",210,50,2
"BYZ ",228,50,6
"C10 ",50,16,4
"C10 ",54,16,2
"C10 ",113,5,6
"C10 ",113,6,243
"C10 ",113,16,36
"C10 ",113,65,1
"C10 ",139,5,1
"C10 ",201,25,52
"C10 ",210,6,16
"C10 ",219,65,4
"C10 ",237,6,8
"C11 ",54,16,1
"C11 ",113,5,6
"C11 ",113,6,5
"C11 ",113,16,2
"C11 ",113,65,94
"C11 ",139,5,1
"C11 ",201,25,8
"C11 ",210,6,4
"C11 ",219,65,3
"C11 ",237,6,2
"C12 ",54,16,1
"C12 ",113,6,3
"C12 ",113,16,9
"C12 ",113,65,123
"C12 ",125,25,1
"C12 ",125,26,2
"C12 ",201,25,44
"C12 ",210,6,2
"C12 ",219,65,32
"C12 ",237,6,2
"C13 ",113,65,77
"C13 ",201,25,20
"C13 ",219,65,1
"C14 ",113,6,204
"C14 ",113,16,16
"C14 ",113,65,164
"C14 ",125,25,1
"C14 ",125,26,2
"C14 ",201,25,102
"C14 ",210,6,12
"C14 ",237,6,6
"C15 ",54,16,15
"C15 ",113,5,12
"C15 ",113,6,186
"C15 ",113,16,46
"C15 ",113,65,232
"C15 ",139,5,2
"C15 ",201,25,132
"C15 ",210,6,22
"C15 ",237,6,10
"C16 ",54,16,21
"C16 ",113,5,12
"C16 ",113,6,152
"C16 ",113,16,16
"C16 ",113,65,156
"C16 ",139,5,2
"C16 ",201,25,89
"C16 ",210,6,13
"C16 ",237,6,6
"C17 ",50,16,1
"C17 ",113,5,12
"C17 ",113,6,62
"C17 ",113,16,23
"C17 ",139,5,2
"C17 ",201,25,84
"C17 ",210,6,7
"C17 ",219,65,20
"C17 ",237,6,4
"C18 ",113,5,12
"C18 ",113,6,42
"C18 ",113,16,13
"C18 ",113,65,271
"C18 ",125,26,1
"C18 ",139,5,2
"C18 ",201,25,98
"C18 ",210,6,7
"C18 ",219,65,1
"C18 ",237,6,4
"C19 ",50,16,12
"C19 ",50,26,524
"C19 ",54,16,9
"C19 ",113,5,6
"C19 ",113,6,3
"C19 ",113,16,132
"C19 ",113,65,274
"C19 ",125,26,1
"C19 ",136,28,1
"C19 ",139,5,1
"C19 ",201,25,68
"C19 ",210,6,1
"C19 ",219,65,12
"C20 ",50,16,2
"C20 ",50,26,21
"C20 ",54,13,1
"C20 ",54,16,6
"C20 ",67,5,1
"C20 ",113,5,23
"C20 ",113,6,4
"C20 ",113,13,2
"C20 ",113,14,1
"C20 ",113,16,17
"C20 ",113,65,399
"C20 ",124,39,4
"C20 ",125,26,2
"C20 ",136,28,1
"C20 ",139,5,4
"C20 ",140,5,1
"C20 ",201,25,55
"C20 ",210,6,1
"C20 ",219,65,5
"C21 ",50,16,2
"C21 ",54,13,1
"C21 ",54,16,2
"C21 ",67,5,1
"C21 ",113,5,40
"C21 ",113,6,8
"C21 ",113,13,1
"C21 ",113,14,1
"C21 ",113,16,30
"C21 ",113,65,5
"C21 ",124,39,5
"C21 ",125,25,1
"C21 ",125,26,2
"C21 ",136,28,1
"C21 ",139,5,5
"C21 ",140,5,1
"C21 ",201,25,60
"C21 ",210,6,3
"C22 ",54,13,1
"C22 ",67,5,1
"C22 ",113,5,18
"C22 ",113,6,7
"C22 ",113,13,1
"C22 ",113,14,1
"C22 ",113,16,3
"C22 ",113,65,12
"C22 ",125,26,2
"C22 ",139,5,3
"C22 ",201,25,8
"C22 ",210,6,4
"CBH ",50,50,1
"CBH ",113,50,25
"CBH ",124,50,3
"CBH ",125,50,6
"CBH ",132,50,42
"CBH ",135,50,2
"CBH ",150,50,88
"CBH ",210,50,3
"CBZ ",49,50,8
"CBZ ",50,50,48
"CBZ ",113,50,139
"CBZ ",150,50,124
"CBZ ",163,24,1
"CBZ ",200,50,50
"CBZ ",201,50,37
"CBZ ",219,50,9
"CBZ ",223,50,2295
"CDZ ",113,50,388
"CDZ ",124,50,2
"CDZ ",150,50,14
"CDZ ",210,50,7
"CF1 ",50,50,83
"CF1 ",113,50,109
"CF1 ",125,50,2
"CF1 ",139,50,6
"CF1 ",201,50,253
"CF1 ",210,50,25
"CF1 ",219,50,12
"CF2 ",113,50,1
"CF2 ",232,50,2
"CF3 ",50,50,17
"CF3 ",57,50,4
"CF3 ",113,50,61
"CF3 ",201,50,62
"CF3 ",219,50,9
"CF4 ",50,50,200
"CF4 ",113,50,78
"CF4 ",136,50,1
"CF4 ",139,50,5
"CF4 ",140,50,1
"CF4 ",201,50,292
"CF4 ",210,50,2
"CF4 ",219,50,52
"CF5 ",50,50,433
"CF5 ",57,50,16
"CF5 ",113,50,45
"CF5 ",125,50,3
"CF5 ",201,50,339
"CF5 ",210,50,2
"CF5 ",219,50,37
"CF6 ",113,50,129
"CF6 ",139,50,8
"CF6 ",201,50,93
"CF6 ",210,50,46
"CF6 ",219,50,3
"CF7 ",50,50,2
"CF7 ",113,50,208
"CF7 ",139,50,8
"CF7 ",201,50,158
"CF7 ",210,50,32
"CF7 ",219,50,10
"CF7 ",232,50,7
"CFS ",85,50,1
"CFS ",113,50,278
"CFS ",125,50,1
"CFS ",130,50,5
"CFS ",132,50,7
"CFS ",135,50,4
"CFS ",150,50,99
"CFS ",210,50,125
"CFS ",237,50,3
"CG2 ",50,16,2
"CG2 ",50,26,15
"CG2 ",113,5,6
"CG2 ",113,6,17
"CG2 ",113,65,250
"CG2 ",139,5,1
"CG2 ",201,25,35
"CG2 ",210,6,17
"CG2 ",219,65,31
"CG2 ",237,6,8
"CG3 ",50,26,32
"CG3 ",54,16,1
"CG3 ",113,6,135
"CG3 ",113,16,9
"CG3 ",113,65,26
"CG3 ",201,25,30
"CG3 ",210,6,13
"CG3 ",219,65,9
"CG3 ",237,6,6
"CG4 ",113,6,600
"CG4 ",113,16,23
"CG4 ",113,65,50
"CG4 ",125,26,2
"CG4 ",201,25,56
"CG4 ",210,6,21
"CG4 ",219,65,4
"CG4 ",237,6,8
"CG5 ",54,16,2
"CG5 ",113,6,12
"CG5 ",113,16,30
"CG5 ",113,65,9
"CG5 ",201,25,55
"CG5 ",210,6,14
"CG5 ",237,6,6
"CG6 ",54,13,1
"CG6 ",113,6,153
"CG6 ",113,13,1
"CG6 ",113,14,1
"CG6 ",113,16,7
"CG6 ",113,65,14
"CG6 ",201,25,50
"CG6 ",210,6,11
"CG6 ",219,65,6
"CG6 ",237,6,6
"CG7 ",54,13,1
"CG7 ",54,16,10
"CG7 ",113,6,9
"CG7 ",113,13,2
"CG7 ",125,25,1
"CG7 ",125,26,2
"CG7 ",201,25,110
"CG7 ",210,6,17
"CG7 ",219,65,2
"CG7 ",237,6,6
"CG8 ",50,16,1
"CG8 ",113,5,6
"CG8 ",113,6,9
"CG8 ",113,16,15
"CG8 ",113,65,83
"CG8 ",139,5,1
"CG8 ",201,25,33
"CG8 ",210,6,3
"CG8 ",219,65,11
"CG8 ",237,6,2
"CG9 ",113,5,6
"CG9 ",113,6,195
"CG9 ",113,16,24
"CG9 ",113,65,10
"CG9 ",125,26,1
"CG9 ",139,5,1
"CG9 ",201,25,32
"CG9 ",210,6,20
"CG9 ",237,6,8
"CJ1 ",113,50,76
"CJ1 ",124,50,3
"CJ1 ",139,50,8
"CJ1 ",140,50,1
"CJ1 ",201,50,88
"CJ1 ",210,50,7
"CJ1 ",219,50,3
"CJ2 ",113,50,42
"CJ2 ",124,50,4
"CJ2 ",133,50,3
"CJ2 ",139,50,4
"CJ2 ",201,50,166
"CJ2 ",210,50,4
"CJ3 ",53,50,1
"CJ3 ",57,50,12
"CJ3 ",113,50,109
"CJ3 ",124,50,2
"CJ3 ",125,50,1
"CJ3 ",133,50,23
"CJ3 ",139,50,29
"CJ3 ",140,50,6
"CJ3 ",201,50,304
"CJ3 ",210,50,5
"CJ3 ",219,50,56
"CJH ",124,50,2
"CJZ ",0,50,3
"CJZ ",113,50,325
"CJZ ",125,50,2
"CJZ ",133,50,1
"CJZ ",139,50,8
"CJZ ",150,50,13
"CJZ ",200,50,28
"CJZ ",215,50,2
"CKS ",85,50,3
"CKS ",113,50,483
"CKS ",132,50,6
"CKS ",150,50,12
"CLD ",50,16,17
"CLD ",50,26,6
"CLD ",54,16,1
"CLD ",54,23,51
"CLD ",113,4,4
"CLD ",113,5,4
"CLD ",113,16,490
"CLD ",113,44,79
"CLD ",113,65,18
"CLD ",125,25,1
"CLD ",125,26,1
"CLD ",125,51,2
"CLD ",132,24,8
"CLD ",135,40,10
"CLD ",138,51,36
"CLD ",139,5,1
"CLD ",141,4,4
"CLD ",144,23,124
"CLD ",150,23,23
"CLD ",200,24,30
"CLD ",201,25,50
"CLD ",210,6,5
"CLD ",219,65,3
"CLD ",237,6,1
"CLZ ",50,16,1
"CLZ ",54,16,1
"CLZ ",113,5,12
"CLZ ",113,14,1
"CLZ ",113,16,490
"CLZ ",113,65,16
"CLZ ",132,24,7
"CLZ ",139,5,3
"CLZ ",141,4,7
"CLZ ",144,23,176
"CLZ ",150,23,41
"CLZ ",163,24,1
"CLZ ",200,24,75
"CLZ ",201,25,42
"CLZ ",210,6,11
"CLZ ",219,65,2
"CLZ ",237,6,2
"CMS ",113,50,27
"CMS ",124,50,130
"CMS ",130,50,5
"CMS ",139,50,5
"CMS ",150,50,31
"CMS ",210,50,18
"CPS ",0,50,1
"CPS ",113,50,28
"CPS ",125,50,3
"CPS ",150,50,39
"CPS ",200,50,26
"CPS ",210,50,2
"CPZ ",56,50,3
"CPZ ",113,50,160
"CPZ ",132,50,17
"CPZ ",136,50,1
"CPZ ",141,50,1
"CPZ ",150,50,2
"CPZ ",200,50,6
"CPZ ",210,50,11
"CPZ ",215,50,8
"CPZ ",223,50,12
"CQZ ",50,50,494
"CQZ ",113,50,64
"CQZ ",125,50,1
"CQZ ",132,50,54
"CQZ ",139,50,4
"CQZ ",150,50,122
"CQZ ",163,24,1
"CQZ ",200,50,76
"CQZ ",201,50,212
"CQZ ",210,50,13
"CQZ ",223,50,478
"CQZ ",237,50,2
"CSZ ",50,16,4
"CSZ ",50,26,121
"CSZ ",54,16,116
"CSZ ",54,23,86
"CSZ ",113,5,18
"CSZ ",113,6,69
"CSZ ",113,16,13
"CSZ ",113,65,75
"CSZ ",125,26,2
"CSZ ",132,24,11
"CSZ ",138,51,2
"CSZ ",139,5,5
"CSZ ",141,4,1
"CSZ ",150,23,58
"CSZ ",200,24,71
"CSZ ",201,25,195
"CSZ ",210,6,13
"CSZ ",219,65,8
"CSZ ",237,6,4
"CTF ",49,50,23
"CTF ",53,81,8
"CTF ",53,99,5
"CTF ",113,5,4
"CTF ",113,9,14
"CTF ",113,10,6
"CTF ",113,101,346
"CTF ",113,110,702
"CTF ",124,200,56
"CTF ",125,204,172
"CTF ",130,1,19
"CTF ",133,5,3
"CTF ",135,99,2
"CTF ",139,5,2
"CTF ",141,99,37
"CTF ",150,1,59
"CTF ",200,50,8
"CTF ",215,9,109
"CTF ",215,50,50
"CTF ",223,1,38
"CTF ",224,1,35
"CTF ",224,13,4
"CTF ",224,50,27
"CTF ",224,99,73
"CTF ",224,195,1
"CTH ",113,50,176
"CTH ",124,50,3
"CTH ",135,50,7
"CTH ",139,50,1
"CTH ",150,50,79
"CTH ",162,50,1
"CTH ",210,50,1
"CTS ",88,50,1
"CTS ",113,50,16
"CTS ",124,50,2
"CTS ",130,50,1
"CTS ",150,50,60
"CXG ",88,50,3
"CXG ",113,50,31
"CXG ",124,50,1
"CXG ",125,50,2
"CXG ",132,50,82
"CXG ",135,50,2
"CXG ",150,50,46
"CXG ",210,50,1
"CYA ",49,50,131
"CYA ",113,50,40
"CYA ",125,50,3
"CYA ",132,50,1
"CYA ",133,50,2
"CYA ",135,50,26
"CYA ",139,50,4
"CYA ",141,50,1
"CYA ",150,50,54
"CYA ",162,50,15
"CYA ",210,50,1
"DAC ",53,50,76
"DAC ",57,50,10
"DAC ",113,50,345
"DAC ",124,50,1
"DAC ",125,50,4
"DAC ",132,50,10
"DAC ",133,50,9
"DAC ",135,50,8
"DAC ",139,50,12
"DAC ",140,50,2
"DAC ",150,50,101
"DAC ",200,50,178
"DAC ",201,50,223
"DAC ",209,50,1
"DAC ",210,50,3
"DAC ",219,50,13
"DAC ",223,50,64
"DAC ",224,50,10
"DAZ ",53,50,4
"DAZ ",92,50,1
"DAZ ",113,50,207
"DAZ ",124,50,3
"DAZ ",133,50,3
"DAZ ",139,50,12
"DAZ ",150,50,105
"DAZ ",162,50,1
"DAZ ",210,50,7
"DAZ ",219,50,4
"DAZ ",223,50,5
"DAZ ",224,50,22
"DAZ ",228,50,11
"DBZ ",113,50,318
"DBZ ",125,50,1
"DBZ ",132,50,2
"DBZ ",135,50,27
"DBZ ",138,50,16
"DBZ ",139,50,6
"DBZ ",150,50,1
"DBZ ",200,50,13
"DBZ ",210,50,24
"DBZ ",215,50,3
"DBZ ",223,50,91
"DBZ ",237,50,4
"DCK ",113,5,45
"DCK ",113,6,21
"DCK ",139,5,7
"DCK ",210,6,35
"DCK ",237,6,4
"DCS ",81,50,2
"DCS ",113,50,43
"DCS ",125,50,1
"DCS ",136,50,1
"DCS ",139,50,2
"DCS ",200,50,1
"DCS ",210,50,11
"DCX ",113,5,42
"DCX ",113,16,32
"DCX ",113,65,16
"DCX ",124,29,24
"DCX ",132,24,1
"DCX ",135,40,1
"DCX ",139,5,5
"DCX ",141,4,1
"DCX ",144,23,2
"DCX ",150,23,86
"DCX ",200,24,35
"DCX ",201,25,13
"DCX ",210,6,22
"DCX ",237,6,4
"DCZ ",53,50,7
"DCZ ",92,50,2
"DCZ ",113,50,14
"DCZ ",124,50,2
"DCZ ",125,50,9
"DCZ ",150,50,84
"DCZ ",200,50,90
"DCZ ",201,50,17
"DCZ ",219,50,7
"DCZ ",223,50,3
"DCZ ",224,50,35
"DFI ",55,50,290
"DFI ",113,50,75
"DFI ",125,50,3
"DFI ",130,50,4
"DFI ",150,50,76
"DFI ",200,50,33
"DFI ",223,50,172
"DFX ",55,50,8
"DFX ",113,50,7938
"DFX ",132,50,17
"DFX ",135,50,12
"DFX ",150,50,115
"DFX ",163,24,2
"DFX ",219,50,12
"DFX ",223,50,478
"DFX ",228,50,15
"DGZ ",0,50,1
"DGZ ",113,50,112
"DGZ ",125,50,1
"DGZ ",132,50,14
"DGZ ",135,50,6
"DGZ ",150,50,34
"DGZ ",200,50,29
"DGZ ",201,50,16
"DGZ ",209,50,11
"DGZ ",223,50,205
"DGZ ",224,50,9
"DHZ ",53,50,33
"DHZ ",113,50,100
"DHZ ",124,50,7
"DHZ ",125,50,3
"DHZ ",135,50,5
"DHZ ",138,50,1
"DHZ ",150,50,113
"DHZ ",200,50,23
"DHZ ",210,50,14
"DHZ ",223,50,40
"DHZ ",224,50,115
"DJZ ",0,50,1
"DJZ ",81,50,2
"DJZ ",113,50,193
"DJZ ",125,50,2
"DJZ ",132,50,26
"DJZ ",138,50,1
"DJZ ",139,50,2
"DJZ ",141,50,2
"DJZ ",150,50,33
"DJZ ",200,50,79
"DJZ ",209,50,20
"DJZ ",210,50,54
"DMC ",88,50,135
"DMC ",113,50,160
"DMC ",130,50,1
"DMC ",132,50,9
"DMC ",135,50,18
"DMC ",136,50,5
"DMC ",150,50,33
"DMC ",210,50,219
"DNA ",113,50,125
"DNA ",124,50,1
"DNA ",130,50,13
"DNA ",132,50,10
"DNA ",133,50,5
"DNA ",135,50,5
"DNA ",139,50,12
"DNA ",150,50,276
"DNA ",210,50,24
"DNA ",228,50,22
"DNN ",50,26,21
"DNN ",54,23,88
"DNN ",113,5,6
"DNN ",113,6,82
"DNN ",113,16,10
"DNN ",113,44,46
"DNN ",113,65,25
"DNN ",125,51,1
"DNN ",132,24,3
"DNN ",138,51,1
"DNN ",139,5,1
"DNN ",150,23,181
"DNN ",200,24,93
"DNN ",201,25,54
"DNN ",210,6,73
"DNN ",219,65,2
"DNX ",49,50,42
"DNX ",50,50,12
"DNX ",113,50,30
"DNX ",125,50,4
"DNX ",132,50,9
"DNX ",141,50,1
"DNX ",200,50,34
"DNX ",201,50,27
"DNX ",207,50,1
"DNX ",219,50,1
"DNX ",223,50,30
"DNX ",228,50,1
"DNZ ",113,50,5
"DNZ ",125,50,7
"DNZ ",150,50,19
"DPZ ",49,50,134
"DPZ ",113,50,52
"DPZ ",136,50,1
"DSS ",88,50,4
"DSS ",113,50,5
"DSS ",133,50,2
"DSS ",150,50,38
"DSS ",210,50,6
"DTB ",53,50,15
"DTB ",113,50,16
"DTB ",125,50,3
"DTB ",135,50,12
"DTB ",136,50,1
"DTB ",150,50,13
"DTB ",200,50,15
"DTB ",209,50,4
"DTB ",210,50,3
"DTB ",223,50,49
"DTB ",224,50,64
"DTC ",49,50,3
"DTC ",85,50,6
"DTC ",113,50,216
"DTC ",124,50,23
"DTC ",125,50,2
"DTC ",132,50,7
"DTC ",133,50,18
"DTC ",135,50,74
"DTC ",136,50,3
"DTC ",139,50,24
"DTC ",150,50,86
"DTC ",200,50,9
"DTC ",210,50,23
"DTC ",219,50,28
"DTC ",228,50,16
"DUS ",81,50,1
"DUS ",85,50,17
"DUS ",113,50,154
"DUS ",124,50,24
"DUS ",125,50,1
"DUS ",130,50,2
"DUS ",132,50,52
"DUS ",133,50,45
"DUS ",135,50,89
"DUS ",139,50,23
"DUS ",141,50,2
"DUS ",150,50,45
"DUS ",210,50,25
"DUS ",237,50,6
"DWA ",49,50,1
"DWB ",49,50,11
"DWB ",113,50,1150
"DWB ",132,50,116
"DWB ",141,50,6
"DWZ ",50,50,392
"DWZ ",55,50,30
"DWZ ",82,50,2
"DWZ ",113,50,360
"DWZ ",125,50,41
"DWZ ",132,50,88
"DWZ ",139,50,4
"DWZ ",140,50,12
"DWZ ",141,50,2
"DWZ ",150,50,190
"DWZ ",162,50,18
"DWZ ",200,50,79
"DWZ ",201,50,584
"DWZ ",210,50,23
"DWZ ",223,50,2513
"DWZ ",234,50,68
"DWZ ",237,50,2
"DXA ",57,50,2
"DXA ",92,50,3
"DXA ",113,50,532
"DXA ",125,50,4
"DXA ",132,50,26
"DXA ",139,50,2
"DXA ",141,50,1
"DXA ",150,50,41
"DXA ",200,50,19
"DXA ",201,50,409
"DXA ",209,50,3
"DXA ",210,50,6
"DXA ",219,50,28
"DXA ",223,50,115
"DXB ",49,50,2
"DXB ",113,50,3708
"DXB ",132,50,308
"DXB ",135,50,11
"DXB ",141,50,1
"DXB ",150,50,3
"DXD ",50,50,17
"DXD ",113,50,104
"DXD ",125,50,2
"DXD ",132,50,3
"DXD ",135,50,8
"DXD ",141,50,1
"DXD ",150,50,216
"DXD ",200,50,121
"DXD ",201,50,17
"DXD ",209,50,37
"DXD ",219,50,45
"DXD ",223,50,6
"DXD ",224,50,32
"DXQ ",84,50,10
"DXQ ",113,50,478
"DXQ ",124,50,5
"DXQ ",125,50,10
"DXQ ",132,50,45
"DXQ ",133,50,3
"DXQ ",135,50,17
"DXQ ",136,50,3
"DXQ ",139,50,52
"DXQ ",141,50,1
"DXQ ",150,50,198
"DXQ ",162,50,8
"DXQ ",200,50,2
"DXQ ",210,50,30
"DXQ ",228,50,188
"DXZ ",83,50,4
"DXZ ",113,50,377
"DXZ ",125,50,5
"DXZ ",132,50,2
"DXZ ",133,50,32
"DXZ ",136,50,5
"DXZ ",138,50,148
"DXZ ",150,50,69
"DXZ ",200,50,117
"DXZ ",210,50,14
"DXZ ",219,50,10
"DXZ ",223,50,43
"DXZ ",224,50,17
"DXZ ",228,50,13
"DYA ",53,50,77
"DYA ",81,50,3
"DYA ",113,50,186
"DYA ",124,50,81
"DYA ",125,50,1
"DYA ",130,50,3
"DYA ",132,50,1
"DYA ",133,50,1
"DYA ",136,50,12
"DYA ",139,50,4
"DYA ",150,50,173
"DYA ",163,24,4
"DYA ",210,50,5
"DYA ",219,50,6
"DYA ",223,50,4
"DYA ",228,50,17
"DYS ",88,50,4
"DYS ",113,50,30
"DYS ",133,50,3
"DYS ",135,50,2
"DYS ",150,50,73
"DYS ",210,50,48
"DYZ ",113,50,13
"DYZ ",125,50,1463
"DYZ ",133,50,2
"DYZ ",135,50,3
"DYZ ",136,50,2
"DYZ ",150,50,8
"DYZ ",200,50,35
"DYZ ",210,50,4
"DZF ",133,50,4
"DZF ",162,50,5
"DZF ",210,50,7
"DZZ ",55,50,24
"DZZ ",113,50,800
"DZZ ",125,50,1
"DZZ ",132,50,1
"DZZ ",133,50,6
"DZZ ",139,50,4
"DZZ ",150,50,71
"DZZ ",210,50,16
"F10 ",113,6,2
"F10 ",113,16,2
"F10 ",113,65,5
"F10 ",154,16,4
"F10 ",201,25,65
"F10 ",210,6,2
"F10 ",219,65,4
"F11 ",50,16,3
"F11 ",50,26,18
"F11 ",113,16,8
"F11 ",113,65,10
"F11 ",154,16,11
"F11 ",201,25,120
"F11 ",219,65,8
"F12 ",50,16,6
"F12 ",113,5,40
"F12 ",113,6,90
"F12 ",113,16,7
"F12 ",113,20,2
"F12 ",113,65,5
"F12 ",133,5,1
"F12 ",139,5,10
"F12 ",154,16,3
"F12 ",201,25,69
"F12 ",210,6,165
"F12 ",219,65,2
"F13 ",50,16,1
"F13 ",113,5,40
"F13 ",113,6,91
"F13 ",113,16,5
"F13 ",139,5,10
"F13 ",154,16,3
"F13 ",201,25,32
"F13 ",210,6,168
"F14 ",50,26,298
"F14 ",113,5,40
"F14 ",113,6,90
"F14 ",113,16,52
"F14 ",113,20,2
"F14 ",139,5,10
"F14 ",154,16,3
"F14 ",201,25,31
"F14 ",210,6,188
"F15 ",50,16,2
"F15 ",50,26,138
"F15 ",113,5,42
"F15 ",113,6,95
"F15 ",113,16,59
"F15 ",113,20,2
"F15 ",113,65,5
"F15 ",125,26,1
"F15 ",139,5,10
"F15 ",154,16,4
"F15 ",201,25,47
"F15 ",210,6,187
"F15 ",219,65,1
"F16 ",113,5,4
"F16 ",113,6,9
"F16 ",113,16,7
"F16 ",113,20,2
"F16 ",139,5,1
"F16 ",154,16,3
"F16 ",201,25,162
"F16 ",210,6,16
"F16 ",219,65,7
"F17 ",50,16,2
"F17 ",113,5,4
"F17 ",113,6,9
"F17 ",113,16,10
"F17 ",139,5,1
"F17 ",154,16,1
"F17 ",201,25,79
"F17 ",210,6,18
"F17 ",219,65,1
"F39 ",50,16,15
"F39 ",50,26,24
"F39 ",54,16,8
"F39 ",67,5,1
"F39 ",113,5,49
"F39 ",113,6,12
"F39 ",113,16,35
"F39 ",113,65,133
"F39 ",125,25,11
"F39 ",125,26,4
"F39 ",139,5,4
"F39 ",201,25,229
"F39 ",210,6,8
"F39 ",219,65,5
"F40 ",50,16,45
"F40 ",50,26,15
"F40 ",54,16,31
"F40 ",113,5,48
"F40 ",113,6,12
"F40 ",113,16,130
"F40 ",113,65,34
"F40 ",125,25,1
"F40 ",125,26,2
"F40 ",139,5,4
"F40 ",201,25,276
"F40 ",210,6,8
"F40 ",219,65,37
"F41 ",50,16,2
"F41 ",54,16,2
"F41 ",113,5,406
"F41 ",113,6,3
"F41 ",113,16,69
"F41 ",125,26,1
"F41 ",133,5,1
"F41 ",139,5,1
"F41 ",201,25,94
"F41 ",210,6,2
"F41 ",219,65,2
"F42 ",54,16,9
"F42 ",67,5,2
"F42 ",113,5,97
"F42 ",113,6,27
"F42 ",113,16,29
"F42 ",113,65,55
"F42 ",125,25,1
"F42 ",125,26,2
"F42 ",139,5,8
"F42 ",201,25,96
"F42 ",210,6,16
"F42 ",219,65,1
"F43 ",50,16,1
"F43 ",54,16,5
"F43 ",67,5,2
"F43 ",113,5,98
"F43 ",113,6,24
"F43 ",113,16,33
"F43 ",113,65,86
"F43 ",124,39,11
"F43 ",125,25,1
"F43 ",125,26,2
"F43 ",139,5,8
"F43 ",201,25,64
"F43 ",210,6,16
"F43 ",219,65,21
"F44 ",50,16,2
"F44 ",67,5,1
"F44 ",113,5,99
"F44 ",113,6,24
"F44 ",113,16,28
"F44 ",113,65,4
"F44 ",125,26,2
"F44 ",139,5,8
"F44 ",201,25,30
"FAZ ",50,26,640
"FAZ ",54,13,7
"FAZ ",54,16,84
"FAZ ",54,23,184
"FAZ ",113,4,1
"FAZ ",113,6,1
"FAZ ",113,13,7
"FAZ ",113,16,147
"FAZ ",113,23,4
"FAZ ",113,65,16
"FAZ ",125,25,1
"FAZ ",125,26,1
"FAZ ",132,3,9
"FAZ ",135,40,7
"FAZ ",144,23,1140
"FAZ ",150,23,171
"FAZ ",200,24,114
"FAZ ",201,25,220
"FAZ ",210,6,2
"FAZ ",219,65,21
"FCC ",210,6,3
"FCD ",50,16,2
"FCD ",54,23,31
"FCD ",113,16,23
"FCD ",113,65,22
"FCD ",125,51,2
"FCD ",132,24,1
"FCD ",150,23,16
"FCD ",200,24,26
"FCD ",201,25,25
"FCN ",113,50,948
"FCN ",124,50,2
"FCN ",130,50,2
"FCN ",132,50,11
"FCN ",133,50,8
"FCN ",135,50,45
"FCN ",139,50,35
"FCN ",140,50,1
"FCN ",150,50,163
"FCN ",162,50,1
"FCN ",200,50,120
"FCN ",210,50,5
"FCN ",219,50,31
"FCN ",228,50,24
"FCS ",50,50,83
"FCS ",53,50,183
"FCS ",113,50,86
"FCS ",124,50,2
"FCS ",125,50,4
"FCS ",135,50,32
"FCS ",141,50,1
"FCS ",150,50,77
"FCS ",200,50,117
"FCS ",201,50,62
"FCS ",219,50,11
"FCS ",223,50,3
"FCS ",224,50,13
"FCZ ",84,50,4
"FCZ ",113,50,315
"FCZ ",124,50,3
"FCZ ",132,50,12
"FCZ ",133,50,3
"FCZ ",135,50,15
"FCZ ",139,50,8
"FCZ ",150,50,187
"FCZ ",210,50,11
"FCZ ",228,50,67
"FDS ",113,50,1481
"FDS ",124,50,17
"FDS ",125,50,114
"FDS ",132,50,79
"FDS ",135,50,46
"FDS ",136,50,6
"FDS ",139,50,446
"FDS ",141,50,6
"FDS ",150,50,61
"FDS ",200,50,16
"FDS ",210,50,2
"FDZ ",50,16,3
"FDZ ",50,26,73
"FDZ ",54,13,6
"FDZ ",54,23,25
"FDZ ",113,4,2
"FDZ ",113,6,1
"FDZ ",113,13,6
"FDZ ",113,15,17
"FDZ ",113,16,304
"FDZ ",113,23,21
"FDZ ",125,6,1
"FDZ ",125,26,93
"FDZ ",132,3,7
"FDZ ",135,40,3
"FDZ ",144,23,1727
"FDZ ",150,23,552
"FDZ ",200,24,244
"FDZ ",201,25,210
"FDZ ",210,6,5
"FDZ ",219,65,8
"FGZ ",49,50,3
"FGZ ",113,50,7
"FGZ ",130,50,1
"FGZ ",132,50,1
"FGZ ",133,50,4
"FGZ ",135,50,1
"FGZ ",139,50,2
"FGZ ",141,50,2
"FGZ ",150,50,47
"FGZ ",163,24,2
"FLC ",49,50,7
"FLC ",113,50,32
"FLC ",125,50,1
"FLC ",132,50,3
"FLC ",133,50,1
"FLC ",135,50,4
"FLC ",139,50,1
"FLC ",150,50,129
"FLC ",210,50,2
"FLC ",228,50,10
"FLD ",113,50,230
"FLD ",125,50,35
"FLD ",132,50,1
"FLD ",136,50,1
"FLD ",138,50,8
"FLD ",139,50,3
"FLD ",150,50,40
"FLD ",200,50,111
"FLD ",201,50,49
"FLD ",209,50,22
"FLD ",210,50,41
"FLD ",224,50,12
"FLN ",113,50,29
"FLN ",125,50,1
"FLN ",133,50,1
"FLN ",135,50,24
"FLN ",150,50,8
"FLN ",200,50,2
"FLT ",53,50,12
"FLT ",113,50,51
"FLT ",124,50,3
"FLT ",125,50,8
"FLT ",132,50,3
"FLT ",133,50,1
"FLT ",139,50,4
"FLT ",150,50,101
"FLT ",224,50,63
"FLT ",228,50,5
"FND ",54,13,3
"FND ",54,23,35
"FND ",113,13,3
"FND ",113,15,322
"FND ",130,1,3
"FND ",132,24,49
"FND ",144,23,983
"FND ",150,23,51
"FND ",163,3,1
"FND ",200,24,552
"FND ",210,6,2
"FNE ",55,16,4
"FNE ",113,5,2
"FNE ",113,6,60
"FNE ",113,13,1
"FNE ",113,16,124
"FNE ",124,29,19
"FNE ",125,26,2
"FNE ",125,27,1
"FNE ",125,51,6
"FNE ",132,3,5
"FNE ",135,40,6
"FNE ",136,28,1
"FNE ",138,51,15
"FNE ",139,5,2
"FNE ",144,23,580
"FNE ",150,23,389
"FNE ",154,16,45
"FNE ",200,24,286
"FNE ",201,25,22
"FNE ",209,27,38
"FNE ",210,6,40
"FNE ",219,65,1
"FNK ",113,5,10
"FNK ",113,6,19
"FNK ",125,6,1
"FNK ",139,5,7
"FNK ",210,6,52
"FNX ",50,16,2
"FNX ",50,26,30
"FNX ",113,5,12
"FNX ",113,6,9
"FNX ",113,16,148
"FNX ",113,65,295
"FNX ",125,51,1
"FNX ",132,24,8
"FNX ",138,51,95
"FNX ",139,5,3
"FNX ",141,4,2
"FNX ",144,23,43
"FNX ",150,23,2
"FNX ",201,25,29
"FNX ",210,6,10
"FNX ",219,65,21
"FNY ",50,16,4
"FNY ",50,26,12
"FNY ",55,16,1
"FNY ",113,5,6
"FNY ",113,6,30
"FNY ",113,13,2
"FNY ",113,16,14
"FNY ",113,23,10
"FNY ",125,51,5
"FNY ",132,24,58
"FNY ",138,51,478
"FNY ",139,5,7
"FNY ",141,4,2
"FNY ",144,23,3545
"FNY ",150,23,528
"FNY ",154,16,5
"FNY ",200,24,1105
"FNY ",210,6,95
"FNY ",219,65,5
"FP1 ",50,16,17
"FP1 ",54,16,9
"FP1 ",113,5,4
"FP1 ",113,6,10
"FP1 ",113,16,2812
"FP1 ",113,65,30
"FP1 ",139,5,1
"FP1 ",201,25,131
"FP1 ",210,6,7
"FP1 ",219,65,9
"FP1 ",237,6,2
"FQF ",50,50,1557
"FQF ",57,50,4
"FQF ",113,50,64
"FQF ",125,50,1
"FQF ",130,50,2
"FQF ",132,50,12
"FQF ",135,50,7
"FQF ",136,50,21
"FQF ",139,50,9
"FQF ",141,50,1
"FQF ",150,50,314
"FQF ",200,50,200
"FQF ",201,50,292
"FQF ",210,50,102
"FQF ",219,50,17
"FQF ",223,50,722
"FQF ",234,50,2
"FQF ",237,50,2
"FQX ",67,5,1
"FQX ",113,5,1
"FQX ",113,6,9
"FQX ",113,16,7
"FQX ",113,65,13
"FQX ",125,26,8
"FQX ",125,27,1
"FQX ",125,51,6
"FQX ",132,3,54
"FQX ",138,51,2
"FQX ",139,5,2
"FQX ",144,23,849
"FQX ",150,23,417
"FQX ",163,24,1
"FQX ",200,24,484
"FQX ",201,25,55
"FQX ",210,6,48
"FRB ",113,5,20
"FRB ",113,6,25
"FRB ",139,5,8
"FRB ",210,6,77
"FRS ",203,33,15
"FSS ",55,50,5
"FSS ",113,50,17
"FSS ",132,50,1
"FSS ",135,50,16
"FSS ",150,50,37
"FSS ",223,50,13
"FWA ",53,50,5
"FWA ",113,50,9
"FWA ",125,50,3
"FWA ",130,50,1
"FWA ",138,50,16
"FWA ",150,50,16
"FWA ",162,50,1
"FWA ",200,50,166
"FWA ",210,50,182
"FWA ",223,50,77
"FWA ",224,50,105
"FX1 ",50,16,4
"FX1 ",113,5,2
"FX1 ",113,6,130
"FX1 ",113,16,17
"FX1 ",113,20,5
"FX1 ",113,65,6
"FX1 ",125,26,1
"FX1 ",139,5,2
"FX1 ",154,16,2
"FX1 ",201,25,53
"FX1 ",210,6,134
"FX2 ",50,26,309
"FX2 ",113,5,2
"FX2 ",113,6,12
"FX2 ",113,16,113
"FX2 ",113,20,1
"FX2 ",139,5,2
"FX2 ",154,16,6
"FX2 ",201,25,74
"FX2 ",210,6,32
"FX2 ",219,65,2
"FX3 ",113,5,2
"FX3 ",113,6,18
"FX3 ",113,16,2
"FX3 ",113,20,1
"FX3 ",139,5,2
"FX3 ",154,16,2
"FX3 ",201,25,31
"FX3 ",210,6,32
"FX3 ",219,65,1
"FX4 ",50,26,379
"FX4 ",113,5,2
"FX4 ",113,6,12
"FX4 ",113,16,86
"FX4 ",113,20,9
"FX4 ",136,28,2
"FX4 ",139,5,2
"FX4 ",201,25,76
"FX4 ",210,6,36
"FX4 ",219,65,37
"FX5 ",50,16,3
"FX5 ",50,26,199
"FX5 ",67,5,1
"FX5 ",113,5,2
"FX5 ",113,6,12
"FX5 ",113,16,119
"FX5 ",136,28,1
"FX5 ",139,5,2
"FX5 ",154,16,4
"FX5 ",201,25,102
"FX5 ",210,6,36
"FX5 ",219,65,27
"FX6 ",113,5,1
"FX6 ",113,6,6
"FX6 ",113,20,3
"FX6 ",125,25,1
"FX6 ",125,26,2
"FX6 ",139,5,1
"FX6 ",201,25,64
"FX6 ",210,6,17
"FX7 ",50,16,4
"FX7 ",50,26,18
"FX7 ",113,5,1
"FX7 ",113,6,8
"FX7 ",113,16,14
"FX7 ",113,20,6
"FX7 ",125,25,1
"FX7 ",139,5,1
"FX7 ",154,16,8
"FX7 ",201,25,71
"FX7 ",210,6,20
"FX7 ",219,65,4
"FX8 ",113,6,4
"FX8 ",113,16,1
"FX8 ",113,20,2
"FX8 ",154,16,1
"FX8 ",201,25,20
"FX8 ",210,6,3
"FX8 ",219,65,1
"FX9 ",113,6,2
"FX9 ",113,16,735
"FX9 ",201,25,21
"FX9 ",210,6,2
"FXX ",50,26,33
"FXX ",54,16,15
"FXX ",113,4,10
"FXX ",113,5,7
"FXX ",113,6,3
"FXX ",113,16,9
"FXX ",113,23,22
"FXX ",113,65,11
"FXX ",130,1,1
"FXX ",132,3,3
"FXX ",136,28,1
"FXX ",139,5,1
"FXX ",144,23,527
"FXX ",150,23,269
"FXX ",200,24,147
"FXX ",201,25,44
"FXX ",210,6,21
"FXX ",219,65,8
"FYZ ",84,50,21
"FYZ ",113,50,572
"FYZ ",124,50,19
"FYZ ",125,50,3
"FYZ ",132,50,37
"FYZ ",133,50,3
"FYZ ",135,50,28
"FYZ ",136,50,7
"FYZ ",139,50,20
"FYZ ",141,50,10
"FYZ ",150,50,243
"FYZ ",200,50,1
"FYZ ",210,50,17
"FYZ ",228,50,108
"FZB ",0,50,2
"FZB ",50,50,184
"FZB ",57,50,5
"FZB ",113,50,119
"FZB ",124,50,1
"FZB ",125,50,4
"FZB ",132,50,17
"FZB ",135,50,1
"FZB ",141,50,1
"FZB ",150,50,320
"FZB ",200,50,146
"FZB ",201,50,450
"FZB ",209,50,15
"FZB ",210,50,1
"FZB ",219,50,44
"FZB ",223,50,991
"FZB ",224,50,57
"FZB ",232,50,1
"FZD ",54,16,1
"FZD ",54,23,100
"FZD ",67,5,1
"FZD ",113,5,55
"FZD ",113,6,60
"FZD ",113,16,41
"FZD ",113,65,162
"FZD ",132,24,3
"FZD ",139,5,9
"FZD ",144,23,156
"FZD ",150,23,87
"FZD ",201,25,9
"FZD ",210,6,18
"FZH ",0,50,1
"FZH ",50,50,333
"FZH ",57,50,28
"FZH ",113,50,552
"FZH ",125,50,3
"FZH ",132,50,59
"FZH ",136,50,1
"FZH ",140,50,6
"FZH ",141,50,1
"FZH ",150,50,77
"FZH ",200,50,49
"FZH ",201,50,358
"FZH ",207,50,6
"FZH ",219,50,81
"FZH ",223,50,720
"FZH ",224,50,80
"FZH ",232,50,4
"FZK ",113,50,30
"FZK ",124,50,5
"FZK ",125,50,1
"FZK ",132,50,411
"FZK ",150,50,27
"FZK ",210,50,1
"FZN ",50,16,1
"FZN ",54,13,96
"FZN ",54,16,3
"FZN ",54,23,10
"FZN ",67,5,1
"FZN ",113,4,4
"FZN ",113,5,2
"FZN ",113,6,64
"FZN ",113,13,96
"FZN ",113,14,1
"FZN ",113,15,881
"FZN ",113,16,678
"FZN ",113,23,71
"FZN ",113,65,4
"FZN ",124,29,4
"FZN ",125,6,1
"FZN ",130,1,3
"FZN ",132,3,24
"FZN ",135,40,3
"FZN ",139,5,2
"FZN ",141,4,1
"FZN ",144,23,3324
"FZN ",150,23,1471
"FZN ",200,24,279
"FZN ",201,25,127
"FZN ",210,6,30
"FZN ",210,46,9
"FZZ ",0,50,31
"FZZ ",50,50,26
"FZZ ",52,50,1
"FZZ ",92,50,32
"FZZ ",113,50,12700
"FZZ ",124,50,453
"FZZ ",125,50,127
"FZZ ",130,50,1
"FZZ ",132,50,186
"FZZ ",136,50,1
"FZZ ",141,50,1
"FZZ ",150,50,329
"FZZ ",200,50,303
"FZZ ",201,50,70
"FZZ ",207,50,1330
"FZZ ",223,50,7860
"GAP ",50,50,13
"GAP ",113,50,24
"GAP ",125,50,1
"GAP ",132,50,47
"GAP ",138,50,14
"GAP ",139,50,7
"GAP ",150,50,85
"GAP ",200,50,38
"GAP ",201,50,29
"GAP ",210,50,7
"GAP ",223,50,155
"GAP ",237,50,8
"GAZ ",54,16,26
"GAZ ",54,23,26
"GAZ ",67,5,1
"GAZ ",113,5,12
"GAZ ",113,6,48
"GAZ ",113,16,1
"GAZ ",113,44,9
"GAZ ",113,65,32
"GAZ ",132,24,2
"GAZ ",135,40,6
"GAZ ",139,5,2
"GAZ ",144,23,533
"GAZ ",150,23,179
"GAZ ",200,24,79
"GAZ ",201,25,15
"GAZ ",210,6,15
"GAZ ",219,65,1
"GAZ ",237,6,2
"GBC ",67,5,2
"GBC ",113,5,31
"GBC ",113,6,268
"GBC ",139,5,4
"GBC ",162,6,27
"GBC ",210,6,23
"GBC ",237,6,4
"GBZ ",50,26,24
"GBZ ",54,13,1
"GBZ ",54,16,1
"GBZ ",54,23,34
"GBZ ",67,5,1
"GBZ ",113,5,20
"GBZ ",113,6,2
"GBZ ",113,13,1
"GBZ ",113,14,2
"GBZ ",113,16,71
"GBZ ",113,44,1
"GBZ ",113,65,139
"GBZ ",124,29,1
"GBZ ",125,25,1
"GBZ ",125,27,1
"GBZ ",130,1,2
"GBZ ",132,24,5
"GBZ ",135,40,3
"GBZ ",136,28,1
"GBZ ",138,51,11
"GBZ ",139,5,4
"GBZ ",140,5,1
"GBZ ",150,23,49
"GBZ ",163,3,1
"GBZ ",200,24,101
"GBZ ",201,25,97
"GBZ ",209,27,16
"GBZ ",219,65,3
"GCA ",53,50,42
"GCA ",113,50,130
"GCA ",124,50,30
"GCA ",125,50,1
"GCA ",130,50,2
"GCA ",133,50,3
"GCA ",135,50,18
"GCA ",139,50,8
"GCA ",150,50,103
"GCA ",210,50,13
"GCA ",219,50,7
"GCA ",228,50,10
"GCS ",49,50,2
"GCS ",53,81,2
"GCS ",53,99,6
"GCS ",53,110,3
"GCS ",113,9,12
"GCS ",113,81,2
"GCS ",113,101,221
"GCS ",113,110,4
"GCS ",124,200,13
"GCS ",125,204,321
"GCS ",130,1,7
"GCS ",133,5,2
"GCS ",135,99,8
"GCS ",136,28,2
"GCS ",141,99,2
"GCS ",150,1,54
"GCS ",163,24,1
"GCS ",200,50,9
"GCS ",200,110,8
"GCS ",210,81,2
"GCS ",215,9,178
"GCS ",215,50,34
"GCS ",223,110,1
"GCS ",224,195,4
"GCT ",50,50,6
"GCT ",53,50,1
"GCT ",113,50,100
"GCT ",125,50,132
"GCT ",132,50,36
"GCT ",136,50,2
"GCT ",138,50,34
"GCT ",139,50,9
"GCT ",150,50,121
"GCT ",200,50,178
"GCT ",201,50,197
"GCT ",210,50,15
"GCT ",219,50,48
"GCT ",223,50,219
"GCT ",237,50,4
"GCZ ",81,50,1
"GCZ ",113,50,12
"GCZ ",150,50,47
"GCZ ",210,50,6
"GCZ ",223,50,119
"GCZ ",237,50,4
"GDS ",113,50,141
"GDS ",125,50,2
"GDS ",135,50,2
"GDS ",150,50,68
"GFF ",113,50,323
"GFF ",124,50,9
"GFF ",125,50,3
"GFF ",130,50,1
"GFF ",132,50,10
"GFF ",133,50,13
"GFF ",139,50,15
"GFF ",150,50,181
"GFF ",200,50,70
"GFF ",210,50,8
"GFF ",228,50,29
"GFS ",49,50,112
"GFS ",56,50,2
"GFS ",113,50,17
"GFS ",125,50,189
"GFS ",137,50,7
"GFS ",210,50,1
"GFS ",223,50,62
"GGX ",50,50,2
"GGX ",113,50,174
"GGX ",125,50,4
"GGX ",132,50,5
"GGX ",133,50,16
"GGX ",139,50,3
"GGX ",150,50,235
"GGX ",200,50,108
"GGX ",201,50,4
"GGX ",209,50,2
"GGX ",210,50,27
"GGX ",223,50,604
"GGX ",228,50,36
"GGX ",234,50,5
"GGZ ",50,50,17
"GGZ ",55,50,4
"GGZ ",113,50,1408
"GGZ ",125,50,58
"GGZ ",132,50,34
"GGZ ",138,50,44
"GGZ ",139,50,12
"GGZ ",150,50,325
"GGZ ",200,50,226
"GGZ ",201,50,141
"GGZ ",210,50,97
"GGZ ",219,50,55
"GGZ ",223,50,494
"GGZ ",237,50,4
"GJD ",49,50,3
"GJD ",113,50,14
"GJD ",125,50,1
"GJD ",130,50,1
"GJD ",132,50,5
"GJD ",133,50,4
"GJD ",136,50,12
"GJD ",139,50,8
"GJD ",141,50,2
"GJD ",150,50,46
"GJD ",163,24,2
"GJD ",210,50,8
"GL1 ",81,50,2
"GL1 ",113,50,246
"GL1 ",125,50,7
"GL1 ",139,50,2
"GL1 ",201,50,70
"GL1 ",210,50,11
"GL1 ",219,50,2
"GL1 ",223,50,155
"GL1 ",234,50,3
"GL2 ",50,50,1
"GL2 ",113,50,38
"GL2 ",125,50,5
"GL2 ",201,50,83
"GL2 ",210,50,1
"GL2 ",219,50,22
"GL2 ",223,50,31
"GL2 ",234,50,239
"GL3 ",50,50,1
"GL3 ",113,50,39
"GL3 ",125,50,178
"GL3 ",135,50,16
"GL3 ",201,50,111
"GL3 ",219,50,10
"GL3 ",223,50,11
"GL3 ",234,50,33
"GL4 ",113,50,34
"GL4 ",139,50,8
"GL4 ",201,50,93
"GL4 ",210,50,19
"GL4 ",223,50,2
"GL4 ",237,50,4
"GL5 ",50,50,4
"GL5 ",53,50,1
"GL5 ",113,50,3551
"GL5 ",125,50,4
"GL5 ",139,50,4
"GL5 ",201,50,235
"GL5 ",210,50,23
"GL5 ",219,50,6
"GL5 ",223,50,28
"GL5 ",237,50,8
"GL6 ",50,50,1
"GL6 ",113,50,106
"GL6 ",125,50,1
"GL6 ",139,50,9
"GL6 ",201,50,130
"GL6 ",210,50,23
"GL6 ",223,50,7
"GL6 ",237,50,6
"GL7 ",50,50,1
"GL7 ",113,50,39
"GL7 ",125,50,4
"GL7 ",139,50,9
"GL7 ",201,50,117
"GL7 ",210,50,21
"GL7 ",219,50,10
"GL7 ",223,50,55
"GL7 ",237,50,6
"GL8 ",113,50,91
"GL8 ",125,50,6
"GL8 ",139,50,6
"GL8 ",201,50,60
"GL8 ",210,50,25
"GL8 ",219,50,29
"GL8 ",223,50,42
"GL8 ",237,50,8
"GPJ ",81,50,2
"GPJ ",113,50,293
"GPJ ",125,50,3
"GPJ ",139,50,2
"GPJ ",201,50,6
"GPJ ",210,50,8
"GPJ ",223,50,156
"GPJ ",237,50,4
"GPY ",113,50,9
"GPY ",133,50,17
"GPY ",139,50,3
"GPY ",210,50,17
"GQA ",53,50,1
"GQA ",84,50,5
"GQA ",113,50,791
"GQA ",124,50,2
"GQA ",132,50,4
"GQA ",133,50,2
"GQA ",139,50,8
"GQA ",150,50,32
"GQA ",210,50,5
"GQA ",219,50,405
"GQA ",223,50,13
"GQA ",224,50,50
"GQA ",228,50,2
"GQC ",50,50,1195
"GQC ",53,50,17
"GQC ",57,50,8
"GQC ",113,50,2636
"GQC ",124,50,9
"GQC ",125,50,3760
"GQC ",130,50,5
"GQC ",132,50,15
"GQC ",133,50,6
"GQC ",135,50,314
"GQC ",136,50,317
"GQC ",139,50,8
"GQC ",150,50,324
"GQC ",162,50,1
"GQC ",200,50,117
"GQC ",201,50,336
"GQC ",210,50,87
"GQC ",219,50,2
"GQC ",223,50,852
"GQC ",224,50,72
"GQZ ",53,50,6
"GQZ ",138,50,1
"GQZ ",150,50,2
"GQZ ",200,50,2
"GQZ ",223,50,6
"GQZ ",224,50,5
"GRJ ",0,50,8
"GRJ ",50,50,60
"GRJ ",67,50,1
"GRJ ",81,50,2
"GRJ ",113,50,246
"GRJ ",124,50,9
"GRJ ",125,50,31
"GRJ ",132,50,20
"GRJ ",133,50,1
"GRJ ",135,50,68
"GRJ ",136,50,4
"GRJ ",138,50,16
"GRJ ",139,50,11
"GRJ ",141,50,1
"GRJ ",150,50,352
"GRJ ",200,50,61
"GRJ ",201,50,247
"GRJ ",209,50,5
"GRJ ",210,50,65
"GRJ ",215,50,41
"GRJ ",219,50,60
"GRJ ",223,50,535
"GRJ ",234,50,97
"GRJ ",237,50,5
"GS0 ",113,5,12
"GS0 ",113,6,14
"GS0 ",113,16,11
"GS0 ",113,65,10
"GS0 ",139,5,2
"GS0 ",201,25,16
"GS0 ",210,6,4
"GS0 ",219,65,1
"GS1 ",54,13,1
"GS1 ",54,16,2
"GS1 ",67,5,1
"GS1 ",113,5,26
"GS1 ",113,6,15
"GS1 ",113,13,2
"GS1 ",113,14,1
"GS1 ",113,16,10
"GS1 ",113,65,3
"GS1 ",124,29,1
"GS1 ",125,25,1
"GS1 ",125,26,2
"GS1 ",133,5,1
"GS1 ",136,28,1
"GS1 ",139,5,6
"GS1 ",140,5,1
"GS1 ",201,25,55
"GS1 ",210,6,4
"GS1 ",219,65,1
"GS2 ",50,26,28
"GS2 ",54,6,6
"GS2 ",54,13,1
"GS2 ",67,5,1
"GS2 ",113,5,16
"GS2 ",113,6,212
"GS2 ",113,13,2
"GS2 ",113,16,32
"GS2 ",113,65,3
"GS2 ",124,29,1
"GS2 ",125,25,3
"GS2 ",125,26,7
"GS2 ",133,5,2
"GS2 ",136,28,1
"GS2 ",139,5,3
"GS2 ",140,5,1
"GS2 ",201,25,69
"GS2 ",210,6,42
"GS2 ",237,6,4
"GS3 ",50,26,30
"GS3 ",54,6,15
"GS3 ",54,13,1
"GS3 ",67,5,1
"GS3 ",113,5,43
"GS3 ",113,6,529
"GS3 ",113,13,1
"GS3 ",113,16,12
"GS3 ",113,65,43
"GS3 ",124,29,1
"GS3 ",125,6,3
"GS3 ",125,25,1
"GS3 ",125,26,2
"GS3 ",133,5,5
"GS3 ",136,28,1
"GS3 ",139,5,11
"GS3 ",140,5,1
"GS3 ",201,25,42
"GS3 ",210,6,22
"GS3 ",219,65,1
"GS3 ",237,6,2
"GS4 ",50,16,2
"GS4 ",50,26,12
"GS4 ",54,6,18
"GS4 ",113,6,371
"GS4 ",113,16,15
"GS4 ",113,65,128
"GS4 ",125,25,2
"GS4 ",125,26,4
"GS4 ",201,25,19
"GS4 ",210,6,22
"GS4 ",219,65,9
"GS4 ",237,6,4
"GS5 ",50,26,21
"GS5 ",54,6,6
"GS5 ",113,5,6
"GS5 ",113,6,365
"GS5 ",113,16,10
"GS5 ",113,65,60
"GS5 ",125,26,1
"GS5 ",139,5,9
"GS5 ",201,25,21
"GS5 ",210,6,30
"GS5 ",219,65,3
"GS5 ",237,6,5
"GS6 ",50,16,2
"GS6 ",50,26,338
"GS6 ",54,6,6
"GS6 ",54,13,1
"GS6 ",54,16,8
"GS6 ",67,5,1
"GS6 ",113,5,12
"GS6 ",113,6,245
"GS6 ",113,13,2
"GS6 ",113,16,75
"GS6 ",113,65,31
"GS6 ",124,29,1
"GS6 ",125,25,2
"GS6 ",125,26,2
"GS6 ",133,5,4
"GS6 ",136,28,1
"GS6 ",139,5,2
"GS6 ",140,5,1
"GS6 ",201,25,13
"GS6 ",210,6,21
"GS6 ",237,6,2
"GS7 ",50,26,356
"GS7 ",54,6,6
"GS7 ",54,16,1
"GS7 ",113,5,6
"GS7 ",113,6,56
"GS7 ",113,16,46
"GS7 ",125,25,1
"GS7 ",125,26,2
"GS7 ",139,5,1
"GS7 ",201,25,9
"GS7 ",210,6,22
"GS7 ",237,6,1
"GSH ",50,50,4
"GSH ",113,50,322
"GSH ",132,50,140
"GSH ",138,50,63
"GSH ",139,50,6
"GSH ",150,50,162
"GSH ",200,50,94
"GSH ",201,50,167
"GSH ",207,50,4
"GSH ",210,50,73
"GSH ",219,50,22
"GSH ",223,50,388
"GSH ",237,50,8
"GSZ ",113,50,32
"GSZ ",124,50,1609
"GSZ ",125,50,1
"GSZ ",133,50,1
"GSZ ",150,50,35
"GSZ ",223,50,55
"GTB ",54,16,1
"GTB ",54,23,3
"GTB ",67,5,2
"GTB ",113,5,51
"GTB ",113,6,12
"GTB ",113,16,175
"GTB ",113,23,4
"GTB ",113,65,146
"GTB ",124,29,1
"GTB ",132,24,15
"GTB ",139,5,4
"GTB ",144,23,511
"GTB ",150,23,277
"GTB ",201,25,136
"GTB ",210,6,2
"GTB ",219,65,17
"GTK ",113,6,2
"GTK ",210,6,2
"GTK ",237,6,2
"GTS ",113,50,8
"GTS ",133,50,4
"GTS ",139,50,2
"GTS ",150,50,49
"GTS ",210,50,8
"GTT ",53,50,189
"GTT ",84,50,1
"GTT ",113,50,134
"GTT ",124,50,213
"GTT ",125,50,62
"GTT ",135,50,22
"GTT ",139,50,12
"GTT ",140,50,2
"GTT ",210,50,3
"GTT ",219,50,14
"GTT ",223,50,2
"GTT ",228,50,8
"GTX ",50,16,14
"GTX ",54,16,8
"GTX ",54,23,81
"GTX ",113,6,138
"GTX ",113,16,57
"GTX ",113,65,32
"GTX ",125,51,1
"GTX ",132,24,6
"GTX ",135,40,1
"GTX ",150,23,88
"GTX ",200,24,53
"GTX ",201,25,20
"GTX ",210,6,15
"GTX ",219,65,2
"GTX ",237,6,7
"GTZ ",88,50,1
"GTZ ",113,50,240
"GTZ ",124,50,8
"GTZ ",132,50,2
"GTZ ",139,50,5
"GTZ ",150,50,2
"GTZ ",210,50,22
"GUS ",85,50,7
"GUS ",113,50,144
"GUS ",130,50,4
"GUS ",132,50,46
"GUS ",135,50,9
"GUS ",139,50,3
"GUS ",141,50,2
"GUS ",150,50,71
"GUS ",210,50,12
"GXA ",113,50,52
"GXA ",124,50,1
"GXA ",133,50,4
"GXA ",139,50,12
"GXA ",150,50,164
"GXA ",210,50,12
"GXA ",228,50,3
"GXB ",49,50,1
"GXB ",81,50,1
"GXB ",85,50,1
"GXB ",113,50,516
"GXB ",130,50,12
"GXB ",132,50,45
"GXB ",133,50,14
"GXB ",135,50,3
"GXB ",139,50,21
"GXB ",150,50,216
"GXB ",162,50,3
"GXB ",210,50,51
"GXC ",53,50,14
"GXC ",84,50,1
"GXC ",113,50,138
"GXC ",124,50,35
"GXC ",130,50,3
"GXC ",132,50,2
"GXC ",133,50,3
"GXC ",135,50,29
"GXC ",139,50,8
"GXC ",150,50,179
"GXC ",210,50,11
"GXC ",219,50,5
"GXC ",223,50,4
"GXC ",228,50,15
"GXD ",54,23,200
"GXD ",113,5,38
"GXD ",113,6,63
"GXD ",113,16,3
"GXD ",113,44,13
"GXD ",125,25,2
"GXD ",125,51,4
"GXD ",139,5,10
"GXD ",144,23,89
"GXD ",200,24,24
"GXD ",201,25,8
"GXD ",210,6,15
"GXD ",237,6,2
"GXJ ",67,5,2
"GXJ ",113,5,18
"GXJ ",113,6,109
"GXJ ",139,5,2
"GXJ ",162,6,21
"GXJ ",210,6,16
"GXJ ",237,6,2
"GXK ",67,5,2
"GXK ",113,5,18
"GXK ",113,6,217
"GXK ",139,5,2
"GXK ",210,6,82
"GXK ",237,6,2
"GXS ",49,50,4
"GXS ",53,50,563
"GXS ",113,50,141
"GXS ",124,50,3
"GXS ",125,50,2
"GXS ",130,50,6
"GXS ",132,50,38
"GXS ",136,50,37
"GXS ",150,50,353
"GXS ",162,50,2
"GXS ",200,50,53
"GXS ",210,50,1
"GXS ",223,50,173
"GXS ",228,50,15
"GXX ",54,16,3
"GXX ",113,5,12
"GXX ",113,6,6
"GXX ",113,16,15
"GXX ",113,65,29
"GXX ",125,51,1
"GXX ",132,24,2
"GXX ",139,5,2
"GXX ",200,24,5
"GXX ",201,25,28
"GXX ",210,6,2
"GXX ",219,65,27
"GXZ ",50,16,4
"GXZ ",54,13,1
"GXZ ",54,16,5
"GXZ ",54,23,208
"GXZ ",67,5,2
"GXZ ",113,5,12
"GXZ ",113,6,157
"GXZ ",113,13,1
"GXZ ",113,14,1
"GXZ ",113,16,114
"GXZ ",113,44,1
"GXZ ",113,65,20
"GXZ ",124,29,8
"GXZ ",125,26,1
"GXZ ",125,51,1
"GXZ ",132,24,2
"GXZ ",138,51,14
"GXZ ",139,5,2
"GXZ ",144,23,826
"GXZ ",150,23,123
"GXZ ",200,24,163
"GXZ ",201,25,37
"GXZ ",210,6,25
"GXZ ",237,6,2
"GYD ",50,50,15
"GYD ",55,50,2
"GYD ",113,50,180
"GYD ",125,50,18
"GYD ",132,50,2
"GYD ",135,50,16
"GYD ",138,50,7
"GYD ",150,50,7
"GYD ",200,50,8
"GYD ",201,50,67
"GYD ",210,50,1
"GYD ",219,50,19
"GYD ",223,50,95
"GYD ",234,50,1
"GZA ",113,50,629
"GZA ",124,50,1
"GZA ",130,50,5
"GZA ",132,50,42
"GZA ",133,50,3
"GZA ",135,50,17
"GZA ",139,50,12
"GZA ",150,50,84
"GZA ",210,50,21
"GZA ",228,50,14
"GZD ",84,50,10
"GZD ",113,50,146
"GZD ",124,50,3
"GZD ",125,50,1
"GZD ",130,50,12
"GZD ",132,50,6
"GZD ",133,50,5
"GZD ",135,50,44
"GZD ",136,50,15
"GZD ",139,50,16
"GZD ",150,50,329
"GZD ",200,50,9
"GZD ",210,50,21
"GZD ",215,50,6
"GZD ",228,50,21
"GZG ",49,50,1
"GZG ",113,50,470
"GZG ",132,50,135
"GZG ",150,50,139
"GZG ",162,50,2
"GZG ",209,50,5
"GZK ",113,50,63
"GZK ",124,50,1
"GZK ",132,50,31
"GZK ",133,50,7
"GZK ",139,50,24
"GZK ",140,50,2
"GZK ",162,50,1
"GZK ",210,50,9
"GZN ",81,50,1
"GZN ",84,50,1
"GZN ",113,50,212
"GZN ",124,50,1
"GZN ",132,50,31
"GZN ",133,50,1
"GZN ",135,50,126
"GZN ",139,50,8
"GZN ",150,50,123
"GZN ",210,50,16
"GZN ",228,50,4
"GZS ",81,50,1
"GZS ",113,50,31
"GZS ",125,50,6
"GZS ",143,50,2
"GZS ",150,50,3
"GZS ",200,50,47
"GZS ",209,50,8
"GZS ",210,50,1
"GZT ",49,50,37
"GZT ",113,50,56
"GZT ",124,50,2
"GZT ",130,50,26
"GZT ",133,50,7
"GZT ",135,50,2
"GZT ",139,50,20
"GZT ",140,50,1
"GZT ",150,50,46
"GZT ",162,50,1
"GZT ",163,24,2
"GZT ",210,50,2
"GZX ",53,50,35
"GZX ",113,50,7
"GZX ",125,50,1
"GZX ",135,50,5
"GZX ",150,50,14
"GZX ",200,50,18
"GZX ",210,50,3
"GZX ",223,50,13
"GZX ",224,50,34
"GZY ",113,50,30
"GZY ",125,50,6
"GZY ",132,50,18
"GZY ",133,50,1
"GZY ",135,50,21
"GZY ",150,50,39
"GZY ",200,50,26
"GZZ ",49,50,31
"GZZ ",55,50,12
"GZZ ",113,50,95
"GZZ ",125,50,3
"GZZ ",132,50,1
"GZZ ",135,50,11
"GZZ ",139,50,3
"GZZ ",150,50,213
"GZZ ",200,50,106
"GZZ ",210,50,42
"GZZ ",223,50,10
"GZZ ",237,50,5
"H10 ",113,16,22
"H10 ",133,5,1
"H10 ",201,25,15
"H10 ",210,6,4
"H11 ",50,16,2
"H11 ",54,16,56
"H11 ",113,16,5
"H11 ",113,65,3
"H11 ",133,5,1
"H11 ",201,25,18
"H11 ",210,6,5
"H11 ",219,65,4
"H12 ",50,16,25
"H12 ",54,16,41
"H12 ",113,16,42
"H12 ",113,65,4
"H12 ",201,25,66
"H12 ",210,6,2
"H12 ",219,65,19
"H13 ",50,16,59
"H13 ",50,26,20
"H13 ",54,16,196
"H13 ",113,16,76
"H13 ",113,65,9
"H13 ",201,25,26
"H13 ",210,6,3
"H13 ",219,65,26
"H14 ",54,16,4
"H14 ",113,16,7
"H14 ",210,6,2
"H15 ",50,16,5
"H15 ",54,16,3
"H15 ",113,16,7
"H15 ",201,25,26
"H15 ",210,6,3
"H15 ",219,65,10
"H16 ",54,16,9
"H16 ",67,5,1
"H16 ",113,5,12
"H16 ",113,6,11
"H16 ",113,16,4
"H16 ",139,5,2
"H16 ",201,25,2
"H16 ",210,6,17
"H16 ",237,6,4
"H17 ",113,5,12
"H17 ",113,6,6
"H17 ",113,16,2
"H17 ",139,5,2
"H17 ",210,6,2
"H18 ",67,5,1
"H18 ",113,5,54
"H18 ",113,6,27
"H18 ",113,16,12
"H18 ",113,65,5
"H18 ",125,25,1
"H18 ",125,26,1
"H18 ",139,5,9
"H18 ",201,25,6
"H18 ",210,6,31
"H18 ",219,65,3
"H18 ",237,6,6
"H19 ",50,26,8
"H19 ",54,16,3
"H19 ",113,5,56
"H19 ",113,6,30
"H19 ",113,16,24
"H19 ",113,65,9
"H19 ",139,5,9
"H19 ",201,25,20
"H19 ",210,6,27
"H19 ",219,65,6
"H19 ",237,6,6
"H20 ",67,5,1
"H20 ",113,5,36
"H20 ",113,6,20
"H20 ",113,16,92
"H20 ",125,26,3
"H20 ",139,5,6
"H20 ",201,25,70
"H20 ",210,6,23
"H20 ",219,65,3
"H20 ",237,6,2
"H21 ",54,16,4
"H21 ",113,5,36
"H21 ",113,6,28
"H21 ",113,16,40
"H21 ",113,65,1
"H21 ",125,25,1
"H21 ",139,5,6
"H21 ",201,25,55
"H21 ",210,6,27
"H21 ",219,65,9
"H21 ",237,6,4
"H22 ",67,5,2
"H22 ",113,5,49
"H22 ",113,6,28
"H22 ",113,16,51
"H22 ",113,65,1
"H22 ",139,5,9
"H22 ",201,25,98
"H22 ",210,6,20
"H22 ",237,6,2
"H23 ",50,26,645
"H23 ",54,16,3
"H23 ",67,5,1
"H23 ",113,5,42
"H23 ",113,6,87
"H23 ",113,16,425
"H23 ",113,65,27
"H23 ",125,25,3
"H23 ",125,26,6
"H23 ",139,5,7
"H23 ",201,25,201
"H23 ",210,6,133
"H23 ",219,65,17
"H23 ",237,6,17
"H24 ",113,5,12
"H24 ",113,6,16
"H24 ",113,16,11
"H24 ",113,65,26
"H24 ",139,5,2
"H24 ",210,6,7
"H24 ",237,6,2
"H25 ",54,16,2
"H25 ",113,5,12
"H25 ",113,6,23
"H25 ",113,16,21
"H25 ",113,65,14
"H25 ",139,5,2
"H25 ",201,25,24
"H25 ",210,6,30
"H25 ",219,65,13
"H25 ",237,6,8
"H26 ",113,65,2
"H27 ",113,5,12
"H27 ",113,6,7
"H27 ",113,16,17
"H27 ",133,5,9
"H27 ",139,5,3
"H27 ",201,25,14
"H27 ",210,6,12
"H27 ",237,6,2
"H28 ",50,16,2
"H28 ",50,26,232
"H28 ",54,16,25
"H28 ",113,5,12
"H28 ",113,6,7
"H28 ",113,16,118
"H28 ",113,65,7
"H28 ",125,25,1
"H28 ",125,26,2
"H28 ",133,5,9
"H28 ",139,5,2
"H28 ",201,25,65
"H28 ",210,6,15
"H28 ",219,65,2
"H28 ",237,6,4
"H29 ",50,16,2
"H29 ",54,16,2
"H29 ",113,5,12
"H29 ",113,6,11
"H29 ",113,16,38
"H29 ",113,65,31
"H29 ",133,5,9
"H29 ",139,5,2
"H29 ",201,25,80
"H29 ",210,6,12
"H29 ",219,65,3
"H29 ",237,6,3
"H30 ",50,26,227
"H30 ",54,16,47
"H30 ",67,5,1
"H30 ",113,5,31
"H30 ",113,6,41
"H30 ",113,16,81
"H30 ",124,39,1
"H30 ",139,5,5
"H30 ",201,25,73
"H30 ",210,6,40
"H30 ",219,65,7
"H30 ",237,6,12
"H31 ",50,26,231
"H31 ",67,5,2
"H31 ",113,5,31
"H31 ",113,6,20
"H31 ",113,16,110
"H31 ",113,65,1
"H31 ",124,39,1
"H31 ",125,5,1
"H31 ",125,25,1
"H31 ",125,26,2
"H31 ",136,28,10
"H31 ",139,5,5
"H31 ",201,25,242
"H31 ",210,6,31
"H31 ",219,65,1
"H31 ",237,6,8
"H32 ",67,5,1
"H32 ",113,5,32
"H32 ",113,6,22
"H32 ",113,16,47
"H32 ",139,5,5
"H32 ",201,25,8
"H32 ",210,6,27
"H32 ",237,6,8
"H33 ",54,16,1
"H33 ",113,5,24
"H33 ",113,6,15
"H33 ",113,16,17
"H33 ",124,39,3
"H33 ",139,5,4
"H33 ",201,25,8
"H33 ",210,6,9
"H33 ",219,65,1
"H33 ",237,6,2
"H34 ",67,5,1
"H34 ",113,5,25
"H34 ",113,6,12
"H34 ",113,16,23
"H34 ",113,65,24
"H34 ",139,5,4
"H34 ",201,25,12
"H34 ",210,6,10
"H34 ",219,65,9
"H34 ",237,6,2
"H35 ",50,16,2
"H35 ",54,16,4
"H35 ",67,5,1
"H35 ",113,5,24
"H35 ",113,6,13
"H35 ",113,16,40
"H35 ",113,65,38
"H35 ",139,5,4
"H35 ",201,25,17
"H35 ",210,6,13
"H35 ",237,6,1
"H36 ",50,16,2
"H36 ",50,26,7
"H36 ",54,16,1
"H36 ",113,5,13
"H36 ",113,6,7
"H36 ",113,16,29
"H36 ",113,65,2
"H36 ",125,26,1
"H36 ",139,5,2
"H36 ",201,25,24
"H36 ",210,6,10
"H36 ",219,65,7
"H36 ",237,6,2
"HAF ",113,50,681
"HAF ",125,50,1
"HAF ",132,50,1
"HAF ",136,50,1
"HAF ",139,50,10
"HAF ",150,50,40
"HAF ",200,50,58
"HAF ",201,50,35
"HAF ",207,50,31
"HAF ",210,50,1
"HAF ",219,50,162
"HAF ",223,50,545
"HAF ",234,50,5
"HAF ",237,50,4
"HAN ",88,50,13
"HAN ",113,50,112
"HAN ",124,50,26
"HAN ",125,50,17
"HAN ",132,50,3
"HAN ",135,50,2
"HAN ",138,50,15
"HAN ",150,50,15
"HAN ",200,50,3
"HAN ",210,50,219
"HAN ",223,50,79
"HAN ",237,50,5
"HAS ",53,50,35
"HAS ",113,50,63
"HAS ",125,50,6
"HAS ",133,50,2
"HAS ",138,50,6
"HAS ",139,50,3
"HAS ",150,50,12
"HAS ",200,50,20
"HAS ",209,50,1
"HAS ",210,50,70
"HAS ",223,50,30
"HAS ",224,50,7
"HBC ",125,32,1
"HBC ",206,32,10
"HCB ",113,50,60
"HCB ",125,50,12
"HCB ",132,50,10
"HCB ",138,50,1
"HCB ",150,50,41
"HCB ",200,50,24
"HCB ",201,50,133
"HCB ",219,50,28
"HCB ",223,50,223
"HCB ",234,50,26
"HCP ",113,50,23
"HCP ",124,50,2
"HCP ",125,50,5
"HCP ",132,50,2
"HCP ",133,50,2
"HCP ",135,50,4
"HCP ",139,50,8
"HCP ",140,50,1
"HCP ",150,50,50
"HCP ",162,50,5
"HCP ",163,24,2
"HCP ",210,50,1
"HCP ",215,50,128
"HCX ",113,5,6
"HCX ",113,6,6
"HCX ",113,16,38
"HCX ",113,65,69
"HCX ",125,51,1
"HCX ",136,28,2
"HCX ",139,5,1
"HCX ",141,4,3
"HCX ",150,23,29
"HCX ",200,24,31
"HCX ",201,25,8
"HCX ",210,6,4
"HCX ",219,65,8
"HCX ",237,6,2
"HFZ ",113,50,253
"HFZ ",130,50,4
"HFZ ",132,50,8
"HFZ ",133,50,1
"HFZ ",139,50,4
"HFZ ",150,50,305
"HFZ ",200,50,130
"HFZ ",210,50,4
"HFZ ",223,50,320
"HFZ ",228,50,31
"HGX ",50,16,10
"HGX ",54,16,5
"HGX ",113,4,5
"HGX ",113,5,49
"HGX ",113,6,56
"HGX ",113,16,156
"HGX ",113,65,36
"HGX ",132,24,2
"HGX ",135,40,6
"HGX ",139,5,8
"HGX ",144,23,766
"HGX ",150,23,138
"HGX ",201,25,120
"HGX ",210,6,19
"HGX ",219,65,28
"HGZ ",50,50,32
"HGZ ",53,50,168
"HGZ ",85,50,1
"HGZ ",113,50,1196
"HGZ ",124,50,17
"HGZ ",125,50,11
"HGZ ",130,50,128
"HGZ ",132,50,28
"HGZ ",133,50,3
"HGZ ",139,50,8
"HGZ ",141,50,1
"HGZ ",150,50,823
"HGZ ",163,24,2
"HGZ ",200,50,116
"HGZ ",201,50,3
"HGZ ",207,50,35
"HGZ ",210,50,34
"HGZ ",219,50,172
"HGZ ",223,50,108
"HGZ ",224,50,74
"HGZ ",228,50,5
"HJB ",50,50,296
"HJB ",113,50,47
"HJB ",125,50,1
"HJB ",139,50,4
"HJB ",150,50,131
"HJB ",200,50,109
"HJB ",201,50,147
"HJB ",210,50,10
"HJB ",219,50,17
"HJB ",223,50,309
"HJB ",237,50,4
"HJF ",50,50,450
"HJF ",113,50,225
"HJF ",125,50,1
"HJF ",130,50,5
"HJF ",132,50,2
"HJF ",136,50,13
"HJF ",139,50,9
"HJF ",150,50,144
"HJF ",200,50,103
"HJF ",201,50,47
"HJF ",210,50,49
"HJF ",219,50,43
"HJF ",223,50,777
"HJF ",234,50,233
"HJS ",50,26,4
"HJS ",54,6,6
"HJS ",54,16,162
"HJS ",55,16,1
"HJS ",113,5,18
"HJS ",113,6,86
"HJS ",113,16,6
"HJS ",113,65,32
"HJS ",133,5,1
"HJS ",135,40,23
"HJS ",139,5,5
"HJS ",144,23,151
"HJS ",150,23,7
"HJS ",200,24,45
"HJS ",201,25,116
"HJS ",210,6,37
"HJS ",219,65,10
"HKA ",49,50,1
"HKA ",113,50,28
"HKA ",125,50,1
"HKA ",133,50,1
"HKZ ",53,50,29
"HKZ ",92,50,12
"HKZ ",113,50,216
"HKZ ",124,50,2
"HKZ ",125,50,22
"HKZ ",132,50,2
"HKZ ",139,50,4
"HKZ ",150,50,160
"HKZ ",200,50,57
"HKZ ",201,50,20
"HKZ ",210,50,1
"HKZ ",215,50,182
"HKZ ",219,50,6
"HKZ ",223,50,62
"HKZ ",224,50,219
"HLB ",0,50,1
"HLB ",113,50,2845
"HLB ",125,50,1
"HLB ",143,50,1
"HLB ",210,50,3114
"HLH ",49,50,18
"HLH ",113,50,19
"HLH ",125,50,18
"HLH ",132,50,3
"HLH ",133,50,4
"HLH ",135,50,6
"HLH ",139,50,1
"HLH ",150,50,14
"HLH ",162,50,6
"HLH ",210,50,2
"HLH ",215,50,59
"HLH ",223,50,5
"HLK ",113,50,5
"HLK ",125,50,1
"HLK ",141,50,1
"HLS ",81,50,4
"HLS ",88,50,13
"HLS ",113,50,102
"HLS ",130,50,4
"HLS ",132,50,2
"HLS ",135,50,3
"HLS ",150,50,25
"HLS ",210,50,93
"HLX ",50,50,23
"HLX ",113,50,20
"HLX ",125,50,2
"HLX ",136,50,3
"HLX ",139,50,6
"HLX ",150,50,194
"HLX ",200,50,245
"HLX ",201,50,46
"HLX ",210,50,24
"HLX ",219,50,10
"HLX ",223,50,85
"HLX ",237,50,8
"HLZ ",53,50,4
"HLZ ",113,50,55
"HLZ ",138,50,1
"HLZ ",139,50,5
"HLZ ",200,50,2
"HLZ ",210,50,18
"HLZ ",223,50,2
"HML ",49,50,1
"HML ",113,50,11
"HML ",130,50,1
"HML ",133,50,10
"HML ",139,50,6
"HML ",150,50,122
"HMN ",113,5,12
"HMN ",113,6,37
"HMN ",113,16,32
"HMN ",113,65,32
"HMN ",125,51,4
"HMN ",132,24,25
"HMN ",135,40,8
"HMN ",138,51,15
"HMN ",139,5,3
"HMN ",141,4,1
"HMN ",150,23,99
"HMN ",200,24,51
"HMN ",201,25,132
"HMN ",210,6,38
"HQA ",49,50,20
"HQA ",113,50,94
"HQA ",132,50,7
"HQA ",133,50,10
"HQA ",135,50,4
"HQA ",139,50,19
"HQA ",150,50,149
"HQA ",200,50,2
"HQA ",210,50,45
"HQS ",49,50,178
"HQS ",113,50,291
"HQS ",124,50,4
"HQS ",125,50,25
"HQS ",132,50,2
"HQS ",133,50,2
"HQS ",135,50,4
"HQS ",150,50,29
"HQS ",163,24,1
"HQS ",200,50,16
"HQS ",210,50,3
"HQS ",223,50,478
"HRS ",125,33,38
"HRS ",203,33,349
"HSK ",113,5,10
"HSK ",113,6,3
"HSK ",139,5,4
"HSK ",210,6,18
"HSR ",50,50,14
"HSR ",92,50,7
"HSR ",113,50,377
"HSR ",125,50,19
"HSR ",132,50,23
"HSR ",139,50,2
"HSR ",150,50,287
"HSR ",200,50,179
"HSR ",201,50,125
"HSR ",210,50,5
"HSR ",219,50,57
"HSR ",223,50,2493
"HSR ",237,50,2
"HSS ",50,26,201
"HSS ",113,5,10
"HSS ",113,6,60
"HSS ",113,16,32
"HSS ",113,20,3
"HSS ",132,3,5
"HSS ",139,5,10
"HSS ",144,23,44
"HSS ",150,23,27
"HSS ",154,16,2
"HSS ",200,24,22
"HSS ",201,25,45
"HSS ",210,6,190
"HST ",113,50,10
"HST ",125,50,2
"HST ",200,50,4
"HST ",210,50,5
"HSX ",113,50,16
"HSX ",124,50,5
"HSX ",125,50,3
"HSX ",132,50,2
"HSX ",133,50,1
"HSX ",135,50,39
"HSX ",150,50,9
"HSX ",162,50,1
"HSX ",200,50,12
"HSX ",209,50,2
"HSX ",210,50,1
"HSZ ",113,50,6
"HSZ ",125,50,5
"HSZ ",133,50,1
"HSZ ",135,50,2
"HSZ ",139,50,1
"HSZ ",150,50,143
"HSZ ",210,50,11
"HTB ",53,50,6
"HTB ",113,50,378
"HTB ",124,50,3
"HTB ",125,50,1
"HTB ",130,50,1
"HTB ",135,50,16
"HTB ",150,50,28
"HTB ",200,50,12
"HTB ",224,50,12
"HTB ",228,50,19
"HTG ",113,50,219
"HTG ",125,50,4
"HTG ",130,50,9
"HTG ",132,50,2
"HTG ",133,50,2
"HTG ",139,50,4
"HTG ",141,50,1
"HTG ",150,50,43
"HTG ",200,50,20
"HTG ",210,50,7
"HTG ",228,50,20
"HTS ",53,111,17
"HTS ",55,111,65
"HTS ",113,44,75
"HTS ",113,80,2
"HTS ",113,111,247
"HTS ",133,5,3
"HTS ",138,51,87
"HTS ",150,91,15
"HTS ",200,1,8
"HTS ",210,50,2
"HTS ",210,80,2
"HTS ",223,51,120
"HTS ",223,91,729
"HTS ",223,111,4
"HTS ",224,44,214
"HTS ",224,50,2192
"HTS ",224,51,105
"HTS ",224,91,51
"HTX ",53,50,75
"HTX ",55,50,52
"HTX ",113,50,193
"HTX ",125,50,303
"HTX ",135,50,70
"HTX ",138,50,12
"HTX ",139,50,5
"HTX ",150,50,517
"HTX ",200,50,359
"HTX ",210,50,130
"HTX ",223,50,836
"HTX ",224,50,731
"HTZ ",113,50,4
"HTZ ",139,50,5
"HTZ ",150,50,45
"HTZ ",210,50,2
"HWZ ",113,50,30
"HWZ ",125,50,2
"HWZ ",132,50,7
"HWZ ",139,50,2
"HWZ ",200,50,12
"HWZ ",210,50,17
"HWZ ",215,50,9
"HXX ",92,50,6
"HXX ",113,50,187
"HXX ",125,50,2
"HXX ",130,50,4
"HXX ",132,50,15
"HXX ",139,50,3
"HXX ",141,50,5
"HXX ",150,50,93
"HXX ",200,50,51
"HXX ",201,50,256
"HXX ",210,50,6
"HXX ",219,50,37
"HXX ",223,50,175
